index,feature name
0,"QS LL-Vowel{i^*,y^*,e^*,a^*,o^*,u^*,schwa^*}"
1,"QS LL-Consonant{gs^*,p^*,b^*,t^*,d^*,k^*,g^*,ki^*,gi^*,f^*,v^*,s^*,si^*,z^*,zi^*,sz^*,rz^*,x^*,c^*,dz^*,cz^*,drz^*,ci^*,dzi^*,m^*,n^*,ni^*,ng^*,l^*,r^*,w^*,ww^*,j^*,jj^*}"
2,"QS LL-Stop{gs^*,p^*,b^*,t^*,d^*,k^*,g^*}"
3,"QS LL-Nasal{ww^*,jj^*,m^*,n^*,ni^*,ng^*}"
4,"QS LL-Fricative{f^*,v^*,s^*,si^*,z^*,zi^*,sz^*,rz^*,x^*}"
5,"QS LL-Front{e^*,i^*,y^*,f^*,v^*,p^*,b^*,m^*,w^*,ww^*}"
6,"QS LL-Central{schwa^*,a^*,t^*,d^*,s^*,si^*,z^*,zi^*,n^*,r^*,l^*,t^*,d^*,sz^*,rz^*,cz^*,drz^*,c^*,dz^*,ci^*,dzi^*}"
7,"QS LL-Back{o^*,u^*,k^*,g^*,ki^*,gi^*,ng^*,x^*,gs^*}"
8,"QS LL-Front_Vowel{e^*,i^*,y^*}"
9,"QS LL-Central_Vowel{a^*,schwa^*}"
10,"QS LL-Back_Vowel{o^*,u^*}"
11,"QS LL-High_Vowel{i^*,y^*,u^*}"
12,"QS LL-Medium_Vowel{e^*,o^*}"
13,QS LL-Low_Vowel{a^*}
14,"QS LL-Rounded_Vowel{o^*,u^*}"
15,"QS LL-Unrounded_Vowel{a^*,e^*,i^*,y^*}"
16,QS LL-IVowel{i^*}
17,QS LL-EVowel{e^*}
18,QS LL-AVowel{a^*}
19,QS LL-OVowel{o^*}
20,QS LL-UVowel{u^*}
21,QS LL-YVowel                          {y^*}
22,QS LL-SCHWAVowel                      {schwa^*}
23,"QS LL-Unvoiced_Consonant{gs^*,p^*,t^*,k^*,ki^*,f^*,v^*,s^*,sz^*,x^*,c^*,cz^*,ci^*}"
24,"QS LL-Voiced_Consonant{b^*,d^*,g^*,gi^*,v^*,z^*,zi^*,rz^*,dz^*,drz^*,dzi^*,m^*,n^*,ni^*,ng^*,l^*,r^*,w^*,ww^*,j^*,jj^*}"
25,"QS LL-Front_Consonant{f^*,v^*,f^*,p^*,b^*,m^*,w^*,ww^*}"
26,"QS LL-Central_Consonant{t^*,d^*,s^*,si^*,z^*,zi^*,n^*,r^*,l^*,t^*,d^*,sz^*,rz^*,cz^*,drz^*,c^*,dz^*,ci^*,dzi^*}"
27,"QS LL-Back_Consonant{gs^*,k^*,g^*,ki^*,gi^*,ng^*,x^*}"
28,"QS LL-Fortis_Consonant{gs^*,cz^*,f^*,k^*,p^*,s^*,sz^*,t^*,ci^*,c^*,ki^*}"
29,"QS LL-Lenis_Consonant{drz^*,v^*,g^*,b^*,rz^*,z^*,d^*,dzi^*,dz^*,gi^*,zi^*}"
30,"QS LL-Neigther_F_or_L{m^*,n^*,ni^*,ng^*,l^*,r^*,w^*,ww^*,j^*,jj^*}"
31,"QS LL-Voiced_Stop{b^*,d^*,g^*}"
32,"QS LL-Unvoiced_Stop{p^*,t^*,k^*,gs^*}"
33,"QS LL-Front_Stop{b^*,p^*}"
34,"QS LL-Central_Stop{d^*,t^*}"
35,"QS LL-Back_Stop{g^*,k^*,gs^*}"
36,"QS LL-Voiced_Fricative{v^*,z^*,zi^*,rz^*}"
37,"QS LL-Unvoiced_Fricative{f^*,s^*,si^*,sz^*,x^*}"
38,"QS LL-Front_Fricative{f^*,v^*}"
39,"QS LL-Affricate_Consonant{dz^*,drz^*,dzi^*,c^*,cz^*,ci^*}"
40,QS LL-silences{pau^*}
41,QS LL-schwa                                   {schwa^*}
42,QS LL-a{a^*}
43,QS LL-e{e^*}
44,QS LL-i{i^*}
45,QS LL-y{y^*}
46,QS LL-o{o^*}
47,QS LL-u{u^*}
48,QS LL-p{p^*}
49,QS LL-b{b^*}
50,QS LL-t{t^*}
51,QS LL-d{d^*}
52,QS LL-k{k^*}
53,QS LL-ki{ki^*}
54,QS LL-g{g^*}
55,QS LL-gi{gi^*}
56,QS LL-f{f^*}
57,QS LL-v{v^*}
58,QS LL-s{s^*}
59,QS LL-si{si^*}
60,QS LL-z{z^*}
61,QS LL-zi{zi^*}
62,QS LL-sz{sz^*}
63,QS LL-rz{rz^*}
64,QS LL-x{x^*}
65,QS LL-c{c^*}
66,QS LL-dz{dz^*}
67,QS LL-cz{cz^*}
68,QS LL-drz{drz^*}
69,QS LL-ci{ci^*}
70,QS LL-dzi{dzi^*}
71,QS LL-m{m^*}
72,QS LL-n{n^*}
73,QS LL-ni{ni^*}
74,QS LL-ng{ng^*}
75,QS LL-l{l^*}
76,QS LL-r{r^*}
77,QS LL-w{w^*}
78,QS LL-ww{ww^*}
79,QS LL-j{j^*}
80,QS LL-jj{jj^*}
81,QS LL-gs                                      {gs^*}
82,"QS L-Vowel{*^schwa-,*^i-,*^y-,*^e-,*^a-,*^o-,*^u-}"
83,"QS L-Consonant                       {*^gs-,*^p-,*^b-,*^t-,*^d-,*^k-,*^g-,*^ki-,*^gi-,*^f-,*^v-,*^s-,*^si-,*^z-,*^zi-,*^sz-,*^rz-,*^x-,*^c-,*^dz-,*^cz-,*^drz-,*^ci-,*^dzi-,*^m-,*^n-,*^ni-,*^ng-,*^l-,*^r-,*^w-,*^ww-,*^j-,*^jj-}"
84,"QS L-Stop{*^p-,*^b-,*^t-,*^d-,*^k-,*^g-,*^gs-}"
85,"QS L-Nasal{*^ww-,*^jj-,*^m-,*^n-,*^ni-,*^ng-}"
86,"QS L-Fricative{*^f-,*^v-,*^s-,*^si-,*^z-,*^zi-,*^sz-,*^rz-,*^x-}"
87,"QS L-Front{*^e-,*^i-,*^y-,*^f-,*^v-,*^p-,*^b-,*^m-,*^w-,*^ww-}"
88,"QS L-Central{*^schwa-,*^a-,*^t-,*^d-,*^s-,*^si-,*^z-,*^zi-,*^n-,*^r-,*^l-,*^t-,*^d-,*^sz-,*^rz-,*^cz-,*^drz-,*^c-,*^dz-,*^ci-,*^dzi-}"
89,"QS L-Back{*^o-,*^u-,*^k-,*^g-,*^ki-,*^gi-,*^ng-,*^x-,*^gs-}"
90,"QS L-Front_Vowel{*^e-,*^i-,*^y-}"
91,"QS L-Central_Vowel{*^a-,*^schwa-}"
92,"QS L-Back_Vowel{*^o-,*^u-}"
93,"QS L-High_Vowel{*^i-,*^y-,*^u-}"
94,"QS L-Medium_Vowel{*^e-,*^o-}"
95,QS L-Low_Vowel{*^a-}
96,"QS L-Rounded_Vowel{*^o-,*^u-}"
97,"QS L-Unrounded_Vowel{*^a-,*^e-,*^i-,*^y-}"
98,QS L-IVowel{*^i-}
99,QS L-EVowel{*^e-}
100,QS L-AVowel{*^a-}
101,QS L-OVowel{*^o-}
102,QS L-UVowel{*^u-}
103,QS L-YVowel                          {*^y-}
104,QS LL-SCHWAvowel                     {*^schwa-}
105,"QS L-Unvoiced_Consonant{*^gs-,*^p-,*^t-,*^k-,*^ki-,*^f-,*^v-,*^s-,*^sz-,*^x-,*^c-,*^cz-,*^ci-}"
106,"QS L-Voiced_Consonant{*^b-,*^d-,*^g-,*^gi-,*^v-,*^z-,*^zi-,*^rz-,*^dz-,*^drz-,*^dzi-,*^m-,*^n-,*^ni-,*^ng-,*^l-,*^r-,*^w-,*^ww-,*^j-,*^jj-}"
107,"QS L-Front_Consonant{*^f-,*^v-,*^f-,*^p-,*^b-,*^m-,*^w-,*^ww-}"
108,"QS L-Central_Consonant{*^t-,*^d-,*^s-,*^si-,*^z-,*^zi-,*^n-,*^r-,*^l-,*^t-,*^d-,*^sz-,*^rz-,*^cz-,*^drz-,*^c-,*^dz-,*^ci-,*^dzi-}"
109,"QS L-Back_Consonant{*^gs-,*^k-,*^g-,*^ki-,*^gi-,*^ng-,*^x-}"
110,"QS L-Fortis_Consonant{*^gs-,*^cz-,*^f-,*^k-,*^p-,*^s-,*^sz-,*^t-,*^ci-,*^c-,*^ki-}"
111,"QS L-Lenis_Consonant{*^drz-,*^v-,*^g-,*^b-,*^rz-,*^z-,*^d-,*^dzi-,*^dz-,*^gi-,*^zi-}"
112,"QS L-Neigther_F_or_L{*^m-,*^n-,*^ni-,*^ng-,*^l-,*^r-,*^w-,*^ww-,*^j-,*^jj-}"
113,"QS L-Voiced_Stop{*^b-,*^d-,*^g-}"
114,"QS L-Unvoiced_Stop{*^gs-,*^p-,*^t-,*^k-}"
115,"QS L-Front_Stop{*^b-,*^p-}"
116,"QS L-Central_Stop{*^d-,*^t-}"
117,"QS L-Back_Stop{*^gs-,*^g-,*^k-}"
118,"QS L-Voiced_Fricative{*^v-,*^z-,*^zi-,*^rz-}"
119,"QS L-Unvoiced_Fricative{*^f-,*^s-,*^si-,*^sz-,*^x-}"
120,"QS L-Front_Fricative{*^f-,*^v-}"
121,"QS L-Affricate_Consonant{*^dz-,*^drz-,*^dzi-,*^c-,*^cz-,*^ci-}"
122,QS L-silences{*^pau-}
123,QS L-schwa                                    {*^schwa-}
124,QS L-a{*^a-}
125,QS L-e{*^e-}
126,QS L-i{*^i-}
127,QS L-y{*^y-}
128,QS L-o{*^o-}
129,QS L-u{*^u-}
130,QS L-p{*^p-}
131,QS L-b{*^b-}
132,QS L-t{*^t-}
133,QS L-d{*^d-}
134,QS L-k{*^k-}
135,QS L-ki{*^ki-}
136,QS L-g{*^g-}
137,QS L-gi{*^gi-}
138,QS L-f{*^f-}
139,QS L-v{*^v-}
140,QS L-s{*^s-}
141,QS L-si{*^si-}
142,QS L-z{*^z-}
143,QS L-zi{*^zi-}
144,QS L-sz{*^sz-}
145,QS L-rz{*^rz-}
146,QS L-x{*^x-}
147,QS L-c{*^c-}
148,QS L-dz{*^dz-}
149,QS L-cz{*^cz-}
150,QS L-drz{*^drz-}
151,QS L-ci{*^ci-}
152,QS L-dzi{*^dzi-}
153,QS L-m{*^m-}
154,QS L-n{*^n-}
155,QS L-ni{*^ni-}
156,QS L-ng{*^ng-}
157,QS L-l{*^l-}
158,QS L-r{*^r-}
159,QS L-w{*^w-}
160,QS L-ww{*^ww-}
161,QS L-j{*^j-}
162,QS L-jj{*^jj-}
163,QS L-gs                                       {*^gs-}
164,"QS C-Vowel{*-schwa+*,*-i+*,*-y+*,*-e+*,*-a+*,*-o+*,*-u+*}"
165,"QS C-Consonant                       {*-gs+*,*-p+*,*-b+*,*-t+*,*-d+*,*-k+*,*-g+*,*-ki+*,*-gi+*,*-f+*,*-v+*,*-s+*,*-si+*,*-z+*,*-zi+*,*-sz+*,*-rz+*,*-x+*,*-c+*,*-dz+*,*-cz+*,*-drz+*,*-ci+*,*-dzi+*,*-m+*,*-n+*,*-ni+*,*-ng+*,*-l+*,*-r+*,*-w+*,*-ww+*,*-j+*,*-jj+*}"
166,"QS C-Stop{*-p+*,*-b+*,*-t+*,*-d+*,*-k+*,*-g+*,*-gs+*}"
167,"QS C-Nasal{*-ww+*,*-jj+*,*-m+*,*-n+*,*-ni+*,*-ng+*}"
168,"QS C-Fricative{*-f+*,*-v+*,*-s+*,*-si+*,*-z+*,*-zi+*,*-sz+*,*-rz+*,*-x+*}"
169,"QS C-Front{*-e+*,*-i+*,*-y+*,*-f+*,*-v+*,*-p+*,*-b+*,*-m+*,*-w+*,*-ww+*}"
170,"QS C-Central{*-schwa+*,*-a+*,*-t+*,*-d+*,*-s+*,*-si+*,*-z+*,*-zi+*,*-n+*,*-r+*,*-l+*,*-t+*,*-d+*,*-sz+*,*-rz+*,*-cz+*,*-drz+*,*-c+*,*-dz+*,*-ci+*,*-dzi+*}"
171,"QS C-Back{*-o+*,*-u+*,*-k+*,*-g+*,*-ki+*,*-gi+*,*-ng+*,*-x+*,*-gs+*}"
172,"QS C-Front_Vowel{*-e+*,*-i+*,*-y+*}"
173,"QS C-Central_Vowel{*-a+*,*-schwa+*}"
174,"QS C-Back_Vowel{*-o+*,*-u+*}"
175,"QS C-High_Vowel{*-i+*,*-y+*,*-u+*}"
176,"QS C-Medium_Vowel{*-e+*,*-o+*}"
177,QS C-Low_Vowel{*-a+*}
178,"QS C-Rounded_Vowel{*-o+*,*-u+*}"
179,"QS C-Unrounded_Vowel{*-a+*,*-e+*,*-i+*,*-y+*}"
180,QS C-IVowel{*-i+*}
181,QS C-EVowel{*-e+*}
182,QS C-AVowel{*-a+*}
183,QS C-OVowel{*-o+*}
184,QS C-UVowel{*-u+*}
185,QS C-YVowel                          {*-y+*}
186,QS C-SCHWAVowel                      {*-schwa+*}
187,"QS C-Unvoiced_Consonant{*-p+*,*-t+*,*-k+*,*-ki+*,*-f+*,*-v+*,*-s+*,*-sz+*,*-x+*,*-c+*,*-cz+*,*-ci+*,*-gs+*}"
188,"QS C-Voiced_Consonant{*-b+*,*-d+*,*-g+*,*-gi+*,*-v+*,*-z+*,*-zi+*,*-rz+*,*-dz+*,*-drz+*,*-dzi+*,*-m+*,*-n+*,*-ni+*,*-ng+*,*-l+*,*-r+*,*-w+*,*-ww+*,*-j+*,*-jj+*}"
189,"QS C-Front_Consonant{*-f+*,*-v+*,*-f+*,*-p+*,*-b+*,*-m+*,*-w+*,*-ww+*}"
190,"QS C-Central_Consonant{*-t+*,*-d+*,*-s+*,*-si+*,*-z+*,*-zi+*,*-n+*,*-r+*,*-l+*,*-t+*,*-d+*,*-sz+*,*-rz+*,*-cz+*,*-drz+*,*-c+*,*-dz+*,*-ci+*,*-dzi+*}"
191,"QS C-Back_Consonant{*-k+*,*-g+*,*-ki+*,*-gi+*,*-ng+*,*-x+*,*-gs+*}"
192,"QS C-Fortis_Consonant{*-cz+*,*-f+*,*-k+*,*-p+*,*-s+*,*-sz+*,*-t+*,*-ci+*,*-c+*,*-ki+*,*-gs+*}"
193,"QS C-Lenis_Consonant{*-drz+*,*-v+*,*-g+*,*-b+*,*-rz+*,*-z+*,*-d+*,*-dzi+*,*-dz+*,*-gi+*,*-zi+*}"
194,"QS C-Neigther_F_or_L{*-m+*,*-n+*,*-ni+*,*-ng+*,*-l+*,*-r+*,*-w+*,*-ww+*,*-j+*,*-jj+*}"
195,"QS C-Voiced_Stop{*-b+*,*-d+*,*-g+*}"
196,"QS C-Unvoiced_Stop{*-p+*,*-t+*,*-k+*,*-gs+*}"
197,"QS C-Front_Stop{*-b+*,*-p+*}"
198,"QS C-Central_Stop{*-d+*,*-t+*}"
199,"QS C-Back_Stop{*-g+*,*-k+*,*-gs+*}"
200,"QS C-Voiced_Fricative{*-v+*,*-z+*,*-zi+*,*-rz+*}"
201,"QS C-Unvoiced_Fricative{*-f+*,*-s+*,*-si+*,*-sz+*,*-x+*}"
202,"QS C-Front_Fricative{*-f+*,*-v+*}"
203,"QS C-Affricate_Consonant{*-dz+*,*-drz+*,*-dzi+*,*-c+*,*-cz+*,*-ci+*}"
204,QS C-silences{*-pau+*}
205,QS C-schwa                                    {*-schwa+*}
206,QS C-a{*-a+*}
207,QS C-e{*-e+*}
208,QS C-i{*-i+*}
209,QS C-y{*-y+*}
210,QS C-o{*-o+*}
211,QS C-u{*-u+*}
212,QS C-p{*-p+*}
213,QS C-b{*-b+*}
214,QS C-t{*-t+*}
215,QS C-d{*-d+*}
216,QS C-k{*-k+*}
217,QS C-ki{*-ki+*}
218,QS C-g{*-g+*}
219,QS C-gi{*-gi+*}
220,QS C-f{*-f+*}
221,QS C-v{*-v+*}
222,QS C-s{*-s+*}
223,QS C-si{*-si+*}
224,QS C-z{*-z+*}
225,QS C-zi{*-zi+*}
226,QS C-sz{*-sz+*}
227,QS C-rz{*-rz+*}
228,QS C-x{*-x+*}
229,QS C-c{*-c+*}
230,QS C-dz{*-dz+*}
231,QS C-cz{*-cz+*}
232,QS C-drz{*-drz+*}
233,QS C-ci{*-ci+*}
234,QS C-dzi{*-dzi+*}
235,QS C-m{*-m+*}
236,QS C-n{*-n+*}
237,QS C-ni{*-ni+*}
238,QS C-ng{*-ng+*}
239,QS C-l{*-l+*}
240,QS C-r{*-r+*}
241,QS C-w{*-w+*}
242,QS C-ww{*-ww+*}
243,QS C-j{*-j+*}
244,QS C-jj{*-jj+*}
245,QS C-gs                                       {*-gs+*}
246,"QS R-Vowel{*+i=*,*+y=*,*+e=*,*+a=*,*+o=*,*+u=*,*+schwa=*}"
247,"QS R-Consonant                       {*+gs=*,*+p=*,*+b=*,*+t=*,*+d=*,*+k=*,*+g=*,*+ki=*,*+gi=*,*+f=*,*+v=*,*+s=*,*+si=*,*+z=*,*+zi=*,*+sz=*,*+rz=*,*+x=*,*+c=*,*+dz=*,*+cz=*,*+drz=*,*+ci=*,*+dzi=*,*+m=*,*+n=*,*+ni=*,*+ng=*,*+l=*,*+r=*,*+w=*,*+ww=*,*+j=*,*+jj=*}"
248,"QS R-Stop{*+p=*,*+b=*,*+t=*,*+d=*,*+k=*,*+g=*,*+gs=*}"
249,"QS R-Nasal{*+ww=*,*+jj=*,*+m=*,*+n=*,*+ni=*,*+ng=*}"
250,"QS R-Fricative{*+f=*,*+v=*,*+s=*,*+si=*,*+z=*,*+zi=*,*+sz=*,*+rz=*,*+x=*}"
251,"QS R-Front{*+e=*,*+i=*,*+y=*,*+f=*,*+v=*,*+p=*,*+b=*,*+m=*,*+w=*,*+ww=*}"
252,"QS R-Central{*+schwa=*,*+a=*,*+t=*,*+d=*,*+s=*,*+si=*,*+z=*,*+zi=*,*+n=*,*+r=*,*+l=*,*+t=*,*+d=*,*+sz=*,*+rz=*,*+cz=*,*+drz=*,*+c=*,*+dz=*,*+ci=*,*+dzi=*}"
253,"QS R-Back{*+o=*,*+u=*,*+k=*,*+g=*,*+ki=*,*+gi=*,*+ng=*,*+x=*,*+gs=*}"
254,"QS R-Front_Vowel{*+e=*,*+i=*,*+y=*}"
255,"QS R-Central_Vowel{*+a=*,*+schwa=*}"
256,"QS R-Back_Vowel{*+o=*,*+u=*}"
257,"QS R-High_Vowel{*+i=*,*+y=*,*+u=*}"
258,"QS R-Medium_Vowel{*+e=*,*+o=*}"
259,QS R-Low_Vowel{*+a=*}
260,"QS R-Rounded_Vowel{*+o=*,*+u=*}"
261,"QS R-Unrounded_Vowel{*+a=*,*+e=*,*+i=*,*+y=*}"
262,QS R-IVowel{*+i=*}
263,QS R-OVowel{*+o=*}
264,QS R-UVowel{*+u=*}
265,QS R-YVowel                          {*+y=*}
266,QS R-SCHWAVowel                      {*+schwa=*}
267,"QS R-Unvoiced_Consonant{*+p=*,*+t=*,*+k=*,*+ki=*,*+f=*,*+v=*,*+s=*,*+sz=*,*+x=*,*+c=*,*+cz=*,*+ci=*,*+gs=*}"
268,"QS R-Voiced_Consonant{*+b=*,*+d=*,*+g=*,*+gi=*,*+v=*,*+z=*,*+zi=*,*+rz=*,*+dz=*,*+drz=*,*+dzi=*,*+m=*,*+n=*,*+ni=*,*+ng=*,*+l=*,*+r=*,*+w=*,*+ww=*,*+j=*,*+jj=*}"
269,"QS R-Front_Consonant{*+f=*,*+v=*,*+f=*,*+p=*,*+b=*,*+m=*,*+w=*,*+ww=*}"
270,"QS R-Central_Consonant{*+t=*,*+d=*,*+s=*,*+si=*,*+z=*,*+zi=*,*+n=*,*+r=*,*+l=*,*+t=*,*+d=*,*+sz=*,*+rz=*,*+cz=*,*+drz=*,*+c=*,*+dz=*,*+ci=*,*+dzi=*}"
271,"QS R-Back_Consonant{*+k=*,*+g=*,*+ki=*,*+gi=*,*+ng=*,*+x=*,*+gs=*}"
272,"QS R-Fortis_Consonant{*+cz=*,*+f=*,*+k=*,*+p=*,*+s=*,*+sz=*,*+t=*,*+ci=*,*+c=*,*+ki=*,*+gs=*}"
273,"QS R-Lenis_Consonant{*+drz=*,*+v=*,*+g=*,*+b=*,*+rz=*,*+z=*,*+d=*,*+dzi=*,*+dz=*,*+gi=*,*+zi=*}"
274,"QS R-Neigther_F_or_L{*+m=*,*+n=*,*+ni=*,*+ng=*,*+l=*,*+r=*,*+w=*,*+ww=*,*+j=*,*+jj=*}"
275,"QS R-Voiced_Stop{*+b=*,*+d=*,*+g=*}"
276,"QS R-Unvoiced_Stop{*+p=*,*+t=*,*+k=*,*+gs=*}"
277,"QS R-Front_Stop{*+b=*,*+p=*}"
278,"QS R-Central_Stop{*+d=*,*+t=*}"
279,"QS R-Back_Stop{*+g=*,*+k=*,*+gs=*}"
280,"QS R-Voiced_Fricative{*+v=*,*+z=*,*+zi=*,*+rz=*}"
281,"QS R-Unvoiced_Fricative{*+f=*,*+s=*,*+si=*,*+sz=*,*+x=*}"
282,"QS R-Front_Fricative{*+f=*,*+v=*}"
283,"QS R-Affricate_Consonant{*+dz=*,*+drz=*,*+dzi=*,*+c=*,*+cz=*,*+ci=*}"
284,QS R-silences{*+pau=*}
285,QS R-schwa                                    {*+schwa=*}
286,QS R-a{*+a=*}
287,QS R-e{*+e=*}
288,QS R-i{*+i=*}
289,QS R-y{*+y=*}
290,QS R-o{*+o=*}
291,QS R-u{*+u=*}
292,QS R-p{*+p=*}
293,QS R-b{*+b=*}
294,QS R-t{*+t=*}
295,QS R-d{*+d=*}
296,QS R-k{*+k=*}
297,QS R-ki{*+ki=*}
298,QS R-g{*+g=*}
299,QS R-gi{*+gi=*}
300,QS R-f{*+f=*}
301,QS R-v{*+v=*}
302,QS R-s{*+s=*}
303,QS R-si{*+si=*}
304,QS R-z{*+z=*}
305,QS R-zi{*+zi=*}
306,QS R-sz{*+sz=*}
307,QS R-rz{*+rz=*}
308,QS R-x{*+x=*}
309,QS R-c{*+c=*}
310,QS R-dz{*+dz=*}
311,QS R-cz{*+cz=*}
312,QS R-drz{*+drz=*}
313,QS R-ci{*+ci=*}
314,QS R-dzi{*+dzi=*}
315,QS R-m{*+m=*}
316,QS R-n{*+n=*}
317,QS R-ni{*+ni=*}
318,QS R-ng{*+ng=*}
319,QS R-l{*+l=*}
320,QS R-r{*+r=*}
321,QS R-w{*+w=*}
322,QS R-ww{*+ww=*}
323,QS R-j{*+j=*}
324,QS R-jj{*+jj=*}
325,QS R-gs{*+gs=*}
326,"QS RR-Vowel{*=i@*,*=y@*,*=e@*,*=a@*,*=o@*,*=u@*,*=schwa@*}"
327,"QS RR-Consonant                       {*=gs@*,*=p@*,*=b@*,*=t@*,*=d@*,*=k@*,*=g@*,*=ki@*,*=gi@*,*=f@*,*=v@*,*=s@*,*=si@*,*=z@*,*=zi@*,*=sz@*,*=rz@*,*=x@*,*=c@*,*=dz@*,*=cz@*,*=drz@*,*=ci@*,*=dzi@*,*=m@*,*=n@*,*=ni@*,*=ng@*,*=l@*,*=r@*,*=w@*,*=ww@*,*=j@*,*=jj@*}"
328,"QS RR-Stop{*=gs@*,*=p@*,*=b@*,*=t@*,*=d@*,*=k@*,*=g@*}"
329,"QS RR-Nasal{*=ww@*,*=jj@*,*=m@*,*=n@*,*=ni@*,*=ng@*}"
330,"QS RR-Fricative{*=f@*,*=v@*,*=s@*,*=si@*,*=z@*,*=zi@*,*=sz@*,*=rz@*,*=x@*}"
331,"QS RR-Front{*=e@*,*=i@*,*=y@*,*=f@*,*=v@*,*=p@*,*=b@*,*=m@*,*=w@*,*=ww@*}"
332,"QS RR-Central{*=schwa@*,*=a@*,*=t@*,*=d@*,*=s@*,*=si@*,*=z@*,*=zi@*,*=n@*,*=r@*,*=l@*,*=t@*,*=d@*,*=sz@*,*=rz@*,*=cz@*,*=drz@*,*=c@*,*=dz@*,*=ci@*,*=dzi@*}"
333,"QS RR-Back{*=o@*,*=u@*,*=k@*,*=g@*,*=ki@*,*=gi@*,*=ng@*,*=x@*,*=gs@*}"
334,"QS RR-Front_Vowel{*=e@*,*=i@*,*=y@*}"
335,"QS RR-Central_Vowel{*=a@*,*=schwa@*}"
336,"QS RR-Back_Vowel{*=o@*,*=u@*}"
337,"QS RR-High_Vowel{*=i@*,*=y@*,*=u@*}"
338,"QS RR-Medium_Vowel{*=e@*,*=o@*}"
339,QS RR-Low_Vowel{*=a@*}
340,"QS RR-Rounded_Vowel{*=o@*,*=u@*}"
341,"QS RR-Unrounded_Vowel{*=a@*,*=e@*,*=i@*,*=y@*}"
342,QS RR-IVowel{*=i@*}
343,QS RR-OVowel{*=o@*}
344,QS RR-UVowel{*=u@*}
345,QS RR-YVowel                          {*=y@*}
346,QS RR-SCHWAVowel                      {*=schwa@*}
347,"QS RR-Unvoiced_Consonant{*=p@*,*=t@*,*=k@*,*=ki@*,*=f@*,*=v@*,*=s@*,*=sz@*,*=x@*,*=c@*,*=cz@*,*=ci@*,*=gs@*}"
348,"QS RR-Voiced_Consonant{*=b@*,*=d@*,*=g@*,*=gi@*,*=v@*,*=z@*,*=zi@*,*=rz@*,*=dz@*,*=drz@*,*=dzi@*,*=m@*,*=n@*,*=ni@*,*=ng@*,*=l@*,*=r@*,*=w@*,*=ww@*,*=j@*,*=jj@*}"
349,"QS RR-Front_Consonant{*=f@*,*=v@*,*=f@*,*=p@*,*=b@*,*=m@*,*=w@*,*=ww@*}"
350,"QS RR-Central_Consonant{*=t@*,*=d@*,*=s@*,*=si@*,*=z@*,*=zi@*,*=n@*,*=r@*,*=l@*,*=t@*,*=d@*,*=sz@*,*=rz@*,*=cz@*,*=drz@*,*=c@*,*=dz@*,*=ci@*,*=dzi@*}"
351,"QS RR-Back_Consonant{*=k@*,*=g@*,*=ki@*,*=gi@*,*=ng@*,*=x@*,*=gs@*}"
352,"QS RR-Fortis_Consonant{*=cz@*,*=f@*,*=k@*,*=p@*,*=s@*,*=sz@*,*=t@*,*=ci@*,*=c@*,*=ki@*,*=gs@*}"
353,"QS RR-Lenis_Consonant{*=drz@*,*=v@*,*=g@*,*=b@*,*=rz@*,*=z@*,*=d@*,*=dzi@*,*=dz@*,*=gi@*,*=zi@*}"
354,"QS RR-Neigther_F_or_L{*=m@*,*=n@*,*=ni@*,*=ng@*,*=l@*,*=r@*,*=w@*,*=ww@*,*=j@*,*=jj@*}"
355,"QS RR-Voiced_Stop{*=b@*,*=d@*,*=g@*}"
356,"QS RR-Unvoiced_Stop{*=p@*,*=t@*,*=k@*,*=gs@*}"
357,"QS RR-Front_Stop{*=b@*,*=p@*}"
358,"QS RR-Central_Stop{*=d@*,*=t@*}"
359,"QS RR-Back_Stop{*=g@*,*=k@*,*=gs@*}"
360,"QS RR-Voiced_Fricative{*=v@*,*=z@*,*=zi@*,*=rz@*}"
361,"QS RR-Unvoiced_Fricative{*=f@*,*=s@*,*=si@*,*=sz@*,*=x@*}"
362,"QS RR-Front_Fricative{*=f@*,*=v@*}"
363,"QS RR-Affricate_Consonant{*=dz@*,*=drz@*,*=dzi@*,*=c@*,*=cz@*,*=ci@*}"
364,QS RR-silences{*=pau@*}
365,QS RR-a{*=a@*}
366,QS RR-e{*=e@*}
367,QS RR-i{*=i@*}
368,QS RR-y{*=y@*}
369,QS RR-o{*=o@*}
370,QS RR-u{*=u@*}
371,QS RR-p{*=p@*}
372,QS RR-b{*=b@*}
373,QS RR-t{*=t@*}
374,QS RR-d{*=d@*}
375,QS RR-k{*=k@*}
376,QS RR-ki{*=ki@*}
377,QS RR-g{*=g@*}
378,QS RR-gi{*=gi@*}
379,QS RR-f{*=f@*}
380,QS RR-v{*=v@*}
381,QS RR-s{*=s@*}
382,QS RR-si{*=si@*}
383,QS RR-z{*=z@*}
384,QS RR-zi{*=zi@*}
385,QS RR-sz{*=sz@*}
386,QS RR-rz{*=rz@*}
387,QS RR-x{*=x@*}
388,QS RR-c{*=c@*}
389,QS RR-dz{*=dz@*}
390,QS RR-cz{*=cz@*}
391,QS RR-drz{*=drz@*}
392,QS RR-ci{*=ci@*}
393,QS RR-dzi{*=dzi@*}
394,QS RR-m{*=m@*}
395,QS RR-n{*=n@*}
396,QS RR-ni{*=ni@*}
397,QS RR-ng{*=ng@*}
398,QS RR-l{*=l@*}
399,QS RR-r{*=r@*}
400,QS RR-w{*=w@*}
401,QS RR-ww{*=ww@*}
402,QS RR-j{*=j@*}
403,QS RR-jj{*=jj@*}
404,QS RR-gs                                      {*=gs@*}
405,QS Seg_Fw==x{*@x_*}
406,QS Seg_Fw==1{*@1_*}
407,QS Seg_Fw==2{*@2_*}
408,QS Seg_Fw==3{*@3_*}
409,QS Seg_Fw==4{*@4_*}
410,QS Seg_Fw==5{*@5_*}
411,QS Seg_Fw==6{*@6_*}
412,QS Seg_Fw==7{*@7_*}
413,"QS Seg_Fw<=1{*@x_*,*@1_*}"
414,"QS Seg_Fw<=2{*@x_*,*@1_*,*@2_*}"
415,"QS Seg_Fw<=3{*@x_*,*@1_*,*@2_*,*@3_*}"
416,"QS Seg_Fw<=4{*@x_*,*@1_*,*@2_*,*@3_*,*@4_*}"
417,"QS Seg_Fw<=5{*@x_*,*@1_*,*@2_*,*@3_*,*@4_*,*@5_*}"
418,"QS Seg_Fw<=6{*@x_*,*@1_*,*@2_*,*@3_*,*@4_*,*@5_*,*@6_*}"
419,"QS Seg_Fw<=7{*@x_*,*@1_*,*@2_*,*@3_*,*@4_*,*@5_*,*@6_*,*@7_*}"
420,QS Seg_Bw==x{*_x/A:*}
421,QS Seg_Bw==1{*_1/A:*}
422,QS Seg_Bw==2{*_2/A:*}
423,QS Seg_Bw==3{*_3/A:*}
424,QS Seg_Bw==4{*_4/A:*}
425,QS Seg_Bw==5{*_5/A:*}
426,QS Seg_Bw==6{*_6/A:*}
427,QS Seg_Bw==7{*_7/A:*}
428,"QS Seg_Bw<=0{*_x/A:*,*_0/A:*}"
429,"QS Seg_Bw<=1{*_x/A:*,*_0/A:*,*_1/A:*}"
430,"QS Seg_Bw<=2{*_x/A:*,*_0/A:*,*_1/A:*,*_2/A:*}"
431,"QS Seg_Bw<=3{*_x/A:*,*_0/A:*,*_1/A:*,*_2/A:*,*_3/A:*}"
432,"QS Seg_Bw<=4{*_x/A:*,*_0/A:*,*_1/A:*,*_2/A:*,*_3/A:*,*_4/A:*}"
433,"QS Seg_Bw<=5{*_x/A:*,*_0/A:*,*_1/A:*,*_2/A:*,*_3/A:*,*_4/A:*,*_5/A:*}"
434,"QS Seg_Bw<=6{*_x/A:*,*_0/A:*,*_1/A:*,*_2/A:*,*_3/A:*,*_4/A:*,*_5/A:*,*_6/A:*}"
435,"QS Seg_Bw<=7{*_x/A:*,*_0/A:*,*_1/A:*,*_2/A:*,*_3/A:*,*_4/A:*,*_5/A:*,*_6/A:*,*_7/A:*}"
436,QS L-Syl_Stress==1{*/A:1_*}
437,QS L-Syl_Stress==0{*/A:0_*}
438,QS L-Syl_Accent==1{*_1_*}
439,QS L-Syl_Accent==0{*_0_*}
440,QS L-Syl_TOBI_Accent-H*{*/K:H?/L:*}
441,QS L-Syl_TOBI_Accent-L*{*/K:L?/L:*}
442,QS L-Syl_TOBI_Accent-L*+H{*/K:L?+H*}
443,QS L-Syl_TOBI_Accent-L+H*{*/K:L+H*}
444,QS L-Syl_TOBI_Accent-0{*/K:0*}
445,QS L-Syl_TOBI_Accent-NONE{*/K:NONE*}
446,QS L-Syl_TOBI_Accent-x{*/K:x*}
447,QS L-Syl_Num-Segs==0{*_0/B:*}
448,QS L-Syl_Num-Segs==1{*_1/B:*}
449,QS L-Syl_Num-Segs==2{*_2/B:*}
450,QS L-Syl_Num-Segs==3{*_3/B:*}
451,QS L-Syl_Num-Segs==4{*_4/B:*}
452,QS L-Syl_Num-Segs==5{*_5/B:*}
453,QS L-Syl_Num-Segs==6{*_6/B:*}
454,QS L-Syl_Num-Segs==7{*_7/B:*}
455,"QS L-Syl_Num-Segs<=1{*_0/B:*,*_1/B:*}"
456,"QS L-Syl_Num-Segs<=2{*_0/B:*,*_1/B:*,*_2/B:*}"
457,"QS L-Syl_Num-Segs<=3{*_0/B:*,*_1/B:*,*_2/B:*,*_3/B:*}"
458,"QS L-Syl_Num-Segs<=4{*_0/B:*,*_1/B:*,*_2/B:*,*_3/B:*,*_4/B:*}"
459,"QS L-Syl_Num-Segs<=5{*_0/B:*,*_1/B:*,*_2/B:*,*_3/B:*,*_4/B:*,*_5/B:*}"
460,"QS L-Syl_Num-Segs<=6{*_0/B:*,*_1/B:*,*_2/B:*,*_3/B:*,*_4/B:*,*_5/B:*,*_6/B:*}"
461,"QS L-Syl_Num-Segs<=7{*_0/B:*,*_1/B:*,*_2/B:*,*_3/B:*,*_4/B:*,*_5/B:*,*_6/B:*,*_7/B:*}"
462,QS C-Syl_Stress==1{*/B:1-*}
463,QS C-Syl_Stress==0{*/B:0-*}
464,QS C-Syl_Stress==x{*/B:x-*}
465,QS C-Syl_Accent==1{*-1-*}
466,QS C-Syl_Accent==0{*-0-*}
467,QS C-Syl_Accent==x{*-x-*}
468,QS C-Syl_TOBI_Accent-H*{*/L:H?/M:*}
469,QS C-Syl_TOBI_Accent-L*{*/L:L?/M:*}
470,QS C-Syl_TOBI_Accent-L*+H{*/L:L?+H*}
471,QS C-Syl_TOBI_Accent-L+H*{*/L:L+H*}
472,QS C-Syl_TOBI_Accent-0{*/L:0*}
473,QS C-Syl_TOBI_Accent-NONE{*/L:NONE*}
474,QS C-Syl_TOBI_Accent-x{*/L:x*}
475,QS C-Syl_Num-Segs==x{*-x@*}
476,QS C-Syl_Num-Segs==1{*-1@*}
477,QS C-Syl_Num-Segs==2{*-2@*}
478,QS C-Syl_Num-Segs==3{*-3@*}
479,QS C-Syl_Num-Segs==4{*-4@*}
480,QS C-Syl_Num-Segs==5{*-5@*}
481,QS C-Syl_Num-Segs==6{*-6@*}
482,QS C-Syl_Num-Segs==7{*-7@*}
483,"QS C-Syl_Num-Segs<=1{*-x@*,*-1@*}"
484,"QS C-Syl_Num-Segs<=2{*-x@*,*-1@*,*-2@*}"
485,"QS C-Syl_Num-Segs<=3{*-x@*,*-1@*,*-2@*,*-3@*}"
486,"QS C-Syl_Num-Segs<=4{*-x@*,*-1@*,*-2@*,*-3@*,*-4@*}"
487,"QS C-Syl_Num-Segs<=5{*-x@*,*-1@*,*-2@*,*-3@*,*-4@*,*-5@*}"
488,"QS C-Syl_Num-Segs<=6{*-x@*,*-1@*,*-2@*,*-3@*,*-4@*,*-5@*,*-6@*}"
489,"QS C-Syl_Num-Segs<=7{*-x@*,*-1@*,*-2@*,*-3@*,*-4@*,*-5@*,*-6@*,*-7@*}"
490,QS Pos_C-Syl_in_C-Word(Fw)==x{*@x-*}
491,QS Pos_C-Syl_in_C-Word(Fw)==1{*@1-*}
492,QS Pos_C-Syl_in_C-Word(Fw)==2{*@2-*}
493,QS Pos_C-Syl_in_C-Word(Fw)==3{*@3-*}
494,QS Pos_C-Syl_in_C-Word(Fw)==4{*@4-*}
495,QS Pos_C-Syl_in_C-Word(Fw)==5{*@5-*}
496,QS Pos_C-Syl_in_C-Word(Fw)==6{*@6-*}
497,QS Pos_C-Syl_in_C-Word(Fw)==7{*@7-*}
498,"QS Pos_C-Syl_in_C-Word(Fw)<=1{*@x-*,*@1-*}"
499,"QS Pos_C-Syl_in_C-Word(Fw)<=2{*@x-*,*@1-*,*@2-*}"
500,"QS Pos_C-Syl_in_C-Word(Fw)<=3{*@x-*,*@1-*,*@2-*,*@3-*}"
501,"QS Pos_C-Syl_in_C-Word(Fw)<=4{*@x-*,*@1-*,*@2-*,*@3-*,*@4-*}"
502,"QS Pos_C-Syl_in_C-Word(Fw)<=5{*@x-*,*@1-*,*@2-*,*@3-*,*@4-*,*@5-*}"
503,"QS Pos_C-Syl_in_C-Word(Fw)<=6{*@x-*,*@1-*,*@2-*,*@3-*,*@4-*,*@5-*,*@6-*}"
504,"QS Pos_C-Syl_in_C-Word(Fw)<=7{*@x-*,*@1-*,*@2-*,*@3-*,*@4-*,*@5-*,*@6-*,*@7-*}"
505,QS Pos_C-Syl_in_C-Word(Bw)==x{*-x&*}
506,QS Pos_C-Syl_in_C-Word(Bw)==1{*-1&*}
507,QS Pos_C-Syl_in_C-Word(Bw)==2{*-2&*}
508,QS Pos_C-Syl_in_C-Word(Bw)==3{*-3&*}
509,QS Pos_C-Syl_in_C-Word(Bw)==4{*-4&*}
510,QS Pos_C-Syl_in_C-Word(Bw)==5{*-5&*}
511,QS Pos_C-Syl_in_C-Word(Bw)==6{*-6&*}
512,QS Pos_C-Syl_in_C-Word(Bw)==7{*-7&*}
513,"QS Pos_C-Syl_in_C-Word(Bw)<=1{*-x&*,*-1&*}"
514,"QS Pos_C-Syl_in_C-Word(Bw)<=2{*-x&*,*-1&*,*-2&*}"
515,"QS Pos_C-Syl_in_C-Word(Bw)<=3{*-x&*,*-1&*,*-2&*,*-3&*}"
516,"QS Pos_C-Syl_in_C-Word(Bw)<=4{*-x&*,*-1&*,*-2&*,*-3&*,*-4&*}"
517,"QS Pos_C-Syl_in_C-Word(Bw)<=5{*-x&*,*-1&*,*-2&*,*-3&*,*-4&*,*-5&*}"
518,"QS Pos_C-Syl_in_C-Word(Bw)<=6{*-x&*,*-1&*,*-2&*,*-3&*,*-4&*,*-5&*,*-6&*}"
519,"QS Pos_C-Syl_in_C-Word(Bw)<=7{*-x&*,*-1&*,*-2&*,*-3&*,*-4&*,*-5&*,*-6&*,*-7&*}"
520,QS Pos_C-Syl_in_C-Phrase(Fw)==x{*&x-*}
521,QS Pos_C-Syl_in_C-Phrase(Fw)==1{*&1-*}
522,QS Pos_C-Syl_in_C-Phrase(Fw)==2{*&2-*}
523,QS Pos_C-Syl_in_C-Phrase(Fw)==3{*&3-*}
524,QS Pos_C-Syl_in_C-Phrase(Fw)==4{*&4-*}
525,QS Pos_C-Syl_in_C-Phrase(Fw)==5{*&5-*}
526,QS Pos_C-Syl_in_C-Phrase(Fw)==6{*&6-*}
527,QS Pos_C-Syl_in_C-Phrase(Fw)==7{*&7-*}
528,QS Pos_C-Syl_in_C-Phrase(Fw)==8{*&8-*}
529,QS Pos_C-Syl_in_C-Phrase(Fw)==9{*&9-*}
530,QS Pos_C-Syl_in_C-Phrase(Fw)==10{*&10-*}
531,QS Pos_C-Syl_in_C-Phrase(Fw)==11{*&11-*}
532,QS Pos_C-Syl_in_C-Phrase(Fw)==12{*&12-*}
533,QS Pos_C-Syl_in_C-Phrase(Fw)==13{*&13-*}
534,QS Pos_C-Syl_in_C-Phrase(Fw)==14{*&14-*}
535,QS Pos_C-Syl_in_C-Phrase(Fw)==15{*&15-*}
536,QS Pos_C-Syl_in_C-Phrase(Fw)==16{*&16-*}
537,QS Pos_C-Syl_in_C-Phrase(Fw)==17{*&17-*}
538,QS Pos_C-Syl_in_C-Phrase(Fw)==18{*&18-*}
539,QS Pos_C-Syl_in_C-Phrase(Fw)==19{*&19-*}
540,QS Pos_C-Syl_in_C-Phrase(Fw)==20{*&20-*}
541,"QS Pos_C-Syl_in_C-Phrase(Fw)<=1{*&x-*,*&0-*,*&1-*}"
542,"QS Pos_C-Syl_in_C-Phrase(Fw)<=2{*&x-*,*&0-*,*&1-*,*&2-*}"
543,"QS Pos_C-Syl_in_C-Phrase(Fw)<=3{*&x-*,*&0-*,*&1-*,*&2-*,*&3-*}"
544,"QS Pos_C-Syl_in_C-Phrase(Fw)<=4{*&x-*,*&0-*,*&1-*,*&2-*,*&3-*,*&4-*}"
545,"QS Pos_C-Syl_in_C-Phrase(Fw)<=5{*&x-*,*&0-*,*&1-*,*&2-*,*&3-*,*&4-*,*&5-*}"
546,"QS Pos_C-Syl_in_C-Phrase(Fw)<=6{*&x-*,*&0-*,*&1-*,*&2-*,*&3-*,*&4-*,*&5-*,*&6-*}"
547,"QS Pos_C-Syl_in_C-Phrase(Fw)<=7{*&x-*,*&0-*,*&1-*,*&2-*,*&3-*,*&4-*,*&5-*,*&6-*,*&7-*}"
548,"QS Pos_C-Syl_in_C-Phrase(Fw)<=8{*&x-*,*&0-*,*&1-*,*&2-*,*&3-*,*&4-*,*&5-*,*&6-*,*&7-*,*&8-*}"
549,QS Pos_C-Syl_in_C-Phrase(Fw)<=9{*&?-*}
550,"QS Pos_C-Syl_in_C-Phrase(Fw)<=10{*&?-*,*&10-*}"
551,"QS Pos_C-Syl_in_C-Phrase(Fw)<=11{*&?-*,*&10-*,*&11-*}"
552,"QS Pos_C-Syl_in_C-Phrase(Fw)<=12{*&?-*,*&10-*,*&11-*,*&12-*}"
553,"QS Pos_C-Syl_in_C-Phrase(Fw)<=13{*&?-*,*&10-*,*&11-*,*&12-*,*&13-*}"
554,"QS Pos_C-Syl_in_C-Phrase(Fw)<=14{*&?-*,*&10-*,*&11-*,*&12-*,*&13-*,*&14-*}"
555,"QS Pos_C-Syl_in_C-Phrase(Fw)<=15{*&?-*,*&10-*,*&11-*,*&12-*,*&13-*,*&14-*,*&15-*}"
556,"QS Pos_C-Syl_in_C-Phrase(Fw)<=16{*&?-*,*&10-*,*&11-*,*&12-*,*&13-*,*&14-*,*&15-*,*&16-*}"
557,"QS Pos_C-Syl_in_C-Phrase(Fw)<=17{*&?-*,*&10-*,*&11-*,*&12-*,*&13-*,*&14-*,*&15-*,*&16-*,*&17-*}"
558,"QS Pos_C-Syl_in_C-Phrase(Fw)<=18{*&?-*,*&10-*,*&11-*,*&12-*,*&13-*,*&14-*,*&15-*,*&16-*,*&17-*,*&18-*}"
559,"QS Pos_C-Syl_in_C-Phrase(Fw)<=19{*&?-*,*&1?-*}"
560,"QS Pos_C-Syl_in_C-Phrase(Fw)<=20{*&?-*,*&1?-*,*&20-*}"
561,QS Pos_C-Syl_in_C-Phrase(Bw)==x{*-x#*}
562,QS Pos_C-Syl_in_C-Phrase(Bw)==1{*-1#*}
563,QS Pos_C-Syl_in_C-Phrase(Bw)==2{*-2#*}
564,QS Pos_C-Syl_in_C-Phrase(Bw)==3{*-3#*}
565,QS Pos_C-Syl_in_C-Phrase(Bw)==4{*-4#*}
566,QS Pos_C-Syl_in_C-Phrase(Bw)==5{*-5#*}
567,QS Pos_C-Syl_in_C-Phrase(Bw)==6{*-6#*}
568,QS Pos_C-Syl_in_C-Phrase(Bw)==7{*-7#*}
569,QS Pos_C-Syl_in_C-Phrase(Bw)==8{*-8#*}
570,QS Pos_C-Syl_in_C-Phrase(Bw)==9{*-9#*}
571,QS Pos_C-Syl_in_C-Phrase(Bw)==10{*-10#*}
572,QS Pos_C-Syl_in_C-Phrase(Bw)==11{*-11#*}
573,QS Pos_C-Syl_in_C-Phrase(Bw)==12{*-12#*}
574,QS Pos_C-Syl_in_C-Phrase(Bw)==13{*-13#*}
575,QS Pos_C-Syl_in_C-Phrase(Bw)==14{*-14#*}
576,QS Pos_C-Syl_in_C-Phrase(Bw)==15{*-15#*}
577,QS Pos_C-Syl_in_C-Phrase(Bw)==16{*-16#*}
578,QS Pos_C-Syl_in_C-Phrase(Bw)==17{*-17#*}
579,QS Pos_C-Syl_in_C-Phrase(Bw)==18{*-18#*}
580,QS Pos_C-Syl_in_C-Phrase(Bw)==19{*-19#*}
581,QS Pos_C-Syl_in_C-Phrase(Bw)==20{*-20#*}
582,"QS Pos_C-Syl_in_C-Phrase(Bw)<=1{*-x#*,*-1#*}"
583,"QS Pos_C-Syl_in_C-Phrase(Bw)<=2{*-x#*,*-1#*,*-2#*}"
584,"QS Pos_C-Syl_in_C-Phrase(Bw)<=3{*-x#*,*-1#*,*-2#*,*-3#*}"
585,"QS Pos_C-Syl_in_C-Phrase(Bw)<=4{*-x#*,*-1#*,*-2#*,*-3#*,*-4#*}"
586,"QS Pos_C-Syl_in_C-Phrase(Bw)<=5{*-x#*,*-1#*,*-2#*,*-3#*,*-4#*,*-5#*}"
587,"QS Pos_C-Syl_in_C-Phrase(Bw)<=6{*-x#*,*-1#*,*-2#*,*-3#*,*-4#*,*-5#*,*-6#*}"
588,"QS Pos_C-Syl_in_C-Phrase(Bw)<=7{*-x#*,*-1#*,*-2#*,*-3#*,*-4#*,*-5#*,*-6#*,*-7#*}"
589,"QS Pos_C-Syl_in_C-Phrase(Bw)<=8{*-x#*,*-1#*,*-2#*,*-3#*,*-4#*,*-5#*,*-6#*,*-7#*,*-8#*}"
590,QS Pos_C-Syl_in_C-Phrase(Bw)<=9{*-?#*}
591,"QS Pos_C-Syl_in_C-Phrase(Bw)<=10{*-?#*,*-10#*}"
592,"QS Pos_C-Syl_in_C-Phrase(Bw)<=11{*-?#*,*-10#*,*-11#*}"
593,"QS Pos_C-Syl_in_C-Phrase(Bw)<=12{*-?#*,*-10#*,*-11#*,*-12#*}"
594,"QS Pos_C-Syl_in_C-Phrase(Bw)<=13{*-?#*,*-10#*,*-11#*,*-12#*,*-13#*}"
595,"QS Pos_C-Syl_in_C-Phrase(Bw)<=14{*-?#*,*-10#*,*-11#*,*-12#*,*-13#*,*-14#*}"
596,"QS Pos_C-Syl_in_C-Phrase(Bw)<=15{*-?#*,*-10#*,*-11#*,*-12#*,*-13#*,*-14#*,*-15#*}"
597,"QS Pos_C-Syl_in_C-Phrase(Bw)<=16{*-?#*,*-10#*,*-11#*,*-12#*,*-13#*,*-14#*,*-15#*,*-16#*}"
598,"QS Pos_C-Syl_in_C-Phrase(Bw)<=17{*-?#*,*-10#*,*-11#*,*-12#*,*-13#*,*-14#*,*-15#*,*-16#*,*-17#*}"
599,"QS Pos_C-Syl_in_C-Phrase(Bw)<=18{*-?#*,*-10#*,*-11#*,*-12#*,*-13#*,*-14#*,*-15#*,*-16#*,*-17#*,*-18#*}"
600,"QS Pos_C-Syl_in_C-Phrase(Bw)<=19{*-?#*,*-1?#*}"
601,"QS Pos_C-Syl_in_C-Phrase(Bw)<=20{*-?#*,*-1?#*,*-20#*}"
602,QS Num-StressedSyl_before_C-Syl_in_C-Phrase==x{*#x-*}
603,QS Num-StressedSyl_before_C-Syl_in_C-Phrase==1{*#1-*}
604,QS Num-StressedSyl_before_C-Syl_in_C-Phrase==2{*#2-*}
605,QS Num-StressedSyl_before_C-Syl_in_C-Phrase==3{*#3-*}
606,QS Num-StressedSyl_before_C-Syl_in_C-Phrase==4{*#4-*}
607,QS Num-StressedSyl_before_C-Syl_in_C-Phrase==5{*#5-*}
608,QS Num-StressedSyl_before_C-Syl_in_C-Phrase==6{*#6-*}
609,QS Num-StressedSyl_before_C-Syl_in_C-Phrase==7{*#7-*}
610,QS Num-StressedSyl_before_C-Syl_in_C-Phrase==8{*#8-*}
611,QS Num-StressedSyl_before_C-Syl_in_C-Phrase==9{*#9-*}
612,QS Num-StressedSyl_before_C-Syl_in_C-Phrase==10{*#10-*}
613,QS Num-StressedSyl_before_C-Syl_in_C-Phrase==11{*#11-*}
614,QS Num-StressedSyl_before_C-Syl_in_C-Phrase==12{*#12-*}
615,"QS Num-StressedSyl_before_C-Syl_in_C-Phrase<=1{*#x-*,*#1-*}"
616,"QS Num-StressedSyl_before_C-Syl_in_C-Phrase<=2{*#x-*,*#1-*,*#2-*}"
617,"QS Num-StressedSyl_before_C-Syl_in_C-Phrase<=3{*#x-*,*#1-*,*#2-*,*#3-*}"
618,"QS Num-StressedSyl_before_C-Syl_in_C-Phrase<=4{*#x-*,*#1-*,*#2-*,*#3-*,*#4-*}"
619,"QS Num-StressedSyl_before_C-Syl_in_C-Phrase<=5{*#x-*,*#1-*,*#2-*,*#3-*,*#4-*,*#5-*}"
620,"QS Num-StressedSyl_before_C-Syl_in_C-Phrase<=6{*#x-*,*#1-*,*#2-*,*#3-*,*#4-*,*#5-*,*#6-*}"
621,"QS Num-StressedSyl_before_C-Syl_in_C-Phrase<=7{*#x-*,*#1-*,*#2-*,*#3-*,*#4-*,*#5-*,*#6-*,*#7-*}"
622,"QS Num-StressedSyl_before_C-Syl_in_C-Phrase<=8{*#x-*,*#1-*,*#2-*,*#3-*,*#4-*,*#5-*,*#6-*,*#7-*,*#8-*}"
623,QS Num-StressedSyl_before_C-Syl_in_C-Phrase<=9{*#?-*}
624,"QS Num-StressedSyl_before_C-Syl_in_C-Phrase<=10{*#?-*,*#10-*}"
625,"QS Num-StressedSyl_before_C-Syl_in_C-Phrase<=11{*#?-*,*#10-*,*#11-*}"
626,"QS Num-StressedSyl_before_C-Syl_in_C-Phrase<=12{*#?-*,*#10-*,*#11-*,*#12-*}"
627,QS Num-StressedSyl_after_C-Syl_in_C-Phrase==x{*-x$*}
628,QS Num-StressedSyl_after_C-Syl_in_C-Phrase==1{*-1$*}
629,QS Num-StressedSyl_after_C-Syl_in_C-Phrase==2{*-2$*}
630,QS Num-StressedSyl_after_C-Syl_in_C-Phrase==3{*-3$*}
631,QS Num-StressedSyl_after_C-Syl_in_C-Phrase==4{*-4$*}
632,QS Num-StressedSyl_after_C-Syl_in_C-Phrase==5{*-5$*}
633,QS Num-StressedSyl_after_C-Syl_in_C-Phrase==6{*-6$*}
634,QS Num-StressedSyl_after_C-Syl_in_C-Phrase==7{*-7$*}
635,QS Num-StressedSyl_after_C-Syl_in_C-Phrase==8{*-8$*}
636,QS Num-StressedSyl_after_C-Syl_in_C-Phrase==9{*-9$*}
637,QS Num-StressedSyl_after_C-Syl_in_C-Phrase==10{*-10$*}
638,QS Num-StressedSyl_after_C-Syl_in_C-Phrase==11{*-11$*}
639,QS Num-StressedSyl_after_C-Syl_in_C-Phrase==12{*-12$*}
640,"QS Num-StressedSyl_after_C-Syl_in_C-Phrase<=1{*-x$*,*-1$*}"
641,"QS Num-StressedSyl_after_C-Syl_in_C-Phrase<=2{*-x$*,*-1$*,*-2$*}"
642,"QS Num-StressedSyl_after_C-Syl_in_C-Phrase<=3{*-x$*,*-1$*,*-2$*,*-3$*}"
643,"QS Num-StressedSyl_after_C-Syl_in_C-Phrase<=4{*-x$*,*-1$*,*-2$*,*-3$*,*-4$*}"
644,"QS Num-StressedSyl_after_C-Syl_in_C-Phrase<=5{*-x$*,*-1$*,*-2$*,*-3$*,*-4$*,*-5$*}"
645,"QS Num-StressedSyl_after_C-Syl_in_C-Phrase<=6{*-x$*,*-1$*,*-2$*,*-3$*,*-4$*,*-5$*,*-6$*}"
646,"QS Num-StressedSyl_after_C-Syl_in_C-Phrase<=7{*-x$*,*-1$*,*-2$*,*-3$*,*-4$*,*-5$*,*-6$*,*-7$*}"
647,"QS Num-StressedSyl_after_C-Syl_in_C-Phrase<=8{*-x$*,*-1$*,*-2$*,*-3$*,*-4$*,*-5$*,*-6$*,*-7$*,*-8$*}"
648,QS Num-StressedSyl_after_C-Syl_in_C-Phrase<=9{*-?$*}
649,"QS Num-StressedSyl_after_C-Syl_in_C-Phrase<=10{*-?$*,*-10$*}"
650,"QS Num-StressedSyl_after_C-Syl_in_C-Phrase<=11{*-?$*,*-10$*,*-11$*}"
651,"QS Num-StressedSyl_after_C-Syl_in_C-Phrase<=12{*-?$*,*-10$*,*-11$*,*-12$*}"
652,QS Num-AccentedSyl_before_C-Syl_in_C-Phrase==x{*$x-*}
653,QS Num-AccentedSyl_before_C-Syl_in_C-Phrase==1{*$1-*}
654,QS Num-AccentedSyl_before_C-Syl_in_C-Phrase==2{*$2-*}
655,QS Num-AccentedSyl_before_C-Syl_in_C-Phrase==3{*$3-*}
656,QS Num-AccentedSyl_before_C-Syl_in_C-Phrase==4{*$4-*}
657,QS Num-AccentedSyl_before_C-Syl_in_C-Phrase==5{*$5-*}
658,QS Num-AccentedSyl_before_C-Syl_in_C-Phrase==6{*$6-*}
659,"QS Num-AccentedSyl_before_C-Syl_in_C-Phrase<=1{*$x-*,*$1-*}"
660,"QS Num-AccentedSyl_before_C-Syl_in_C-Phrase<=2{*$x-*,*$1-*,*$2-*}"
661,"QS Num-AccentedSyl_before_C-Syl_in_C-Phrase<=3{*$x-*,*$1-*,*$2-*,*$3-*}"
662,"QS Num-AccentedSyl_before_C-Syl_in_C-Phrase<=4{*$x-*,*$1-*,*$2-*,*$3-*,*$4-*}"
663,"QS Num-AccentedSyl_before_C-Syl_in_C-Phrase<=5{*$x-*,*$1-*,*$2-*,*$3-*,*$4-*,*$5-*}"
664,"QS Num-AccentedSyl_before_C-Syl_in_C-Phrase<=6{*$x-*,*$1-*,*$2-*,*$3-*,*$4-*,*$5-*,*$6-*}"
665,QS Num-AccentedSyl_after_C-Syl_in_C-Phrase==x{*-x!*}
666,QS Num-AccentedSyl_after_C-Syl_in_C-Phrase==1{*-1!*}
667,QS Num-AccentedSyl_after_C-Syl_in_C-Phrase==2{*-2!*}
668,QS Num-AccentedSyl_after_C-Syl_in_C-Phrase==3{*-3!*}
669,QS Num-AccentedSyl_after_C-Syl_in_C-Phrase==4{*-4!*}
670,QS Num-AccentedSyl_after_C-Syl_in_C-Phrase==5{*-5!*}
671,QS Num-AccentedSyl_after_C-Syl_in_C-Phrase==6{*-6!*}
672,QS Num-AccentedSyl_after_C-Syl_in_C-Phrase==7{*-7!*}
673,"QS Num-AccentedSyl_after_C-Syl_in_C-Phrase<=1{*-x!*,*-1!*}"
674,"QS Num-AccentedSyl_after_C-Syl_in_C-Phrase<=2{*-x!*,*-1!*,*-2!*}"
675,"QS Num-AccentedSyl_after_C-Syl_in_C-Phrase<=3{*-x!*,*-1!*,*-2!*,*-3!*}"
676,"QS Num-AccentedSyl_after_C-Syl_in_C-Phrase<=4{*-x!*,*-1!*,*-2!*,*-3!*,*-4!*}"
677,"QS Num-AccentedSyl_after_C-Syl_in_C-Phrase<=5{*-x!*,*-1!*,*-2!*,*-3!*,*-4!*,*-5!*}"
678,"QS Num-AccentedSyl_after_C-Syl_in_C-Phrase<=6{*-x!*,*-1!*,*-2!*,*-3!*,*-4!*,*-5!*,*-6!*}"
679,"QS Num-AccentedSyl_after_C-Syl_in_C-Phrase<=7{*-x!*,*-1!*,*-2!*,*-3!*,*-4!*,*-5!*,*-6!*,*-7!*}"
680,QS Num-Syl_from_prev-StressedSyl==x{*!x-*}
681,QS Num-Syl_from_prev-StressedSyl==0{*!0-*}
682,QS Num-Syl_from_prev-StressedSyl==1{*!1-*}
683,QS Num-Syl_from_prev-StressedSyl==2{*!2-*}
684,QS Num-Syl_from_prev-StressedSyl==3{*!3-*}
685,QS Num-Syl_from_prev-StressedSyl==4{*!4-*}
686,QS Num-Syl_from_prev-StressedSyl==5{*!5-*}
687,"QS Num-Syl_from_prev-StressedSyl<=0{*!x-*,*!0-*}"
688,"QS Num-Syl_from_prev-StressedSyl<=1{*!x-*,*!0-*,*!1-*}"
689,"QS Num-Syl_from_prev-StressedSyl<=2{*!x-*,*!0-*,*!1-*,*!2-*}"
690,"QS Num-Syl_from_prev-StressedSyl<=3{*!x-*,*!0-*,*!1-*,*!2-*,*!3-*}"
691,"QS Num-Syl_from_prev-StressedSyl<=4{*!x-*,*!0-*,*!1-*,*!2-*,*!3-*,*!4-*}"
692,"QS Num-Syl_from_prev-StressedSyl<=5{*!x-*,*!0-*,*!1-*,*!2-*,*!3-*,*!4-*,*!5-*}"
693,QS Num-Syl_from_next-StressedSyl==x{*-x;*}
694,QS Num-Syl_from_next-StressedSyl==0{*-0;*}
695,QS Num-Syl_from_next-StressedSyl==1{*-1;*}
696,QS Num-Syl_from_next-StressedSyl==2{*-2;*}
697,QS Num-Syl_from_next-StressedSyl==3{*-3;*}
698,QS Num-Syl_from_next-StressedSyl==4{*-4;*}
699,QS Num-Syl_from_next-StressedSyl==5{*-5;*}
700,"QS Num-Syl_from_next-StressedSyl<=0{*-x;*,*-0;*}"
701,"QS Num-Syl_from_next-StressedSyl<=1{*-x;*,*-0;*,*-1;*}"
702,"QS Num-Syl_from_next-StressedSyl<=2{*-x;*,*-0;*,*-1;*,*-2;*}"
703,"QS Num-Syl_from_next-StressedSyl<=3{*-x;*,*-0;*,*-1;*,*-2;*,*-3;*}"
704,"QS Num-Syl_from_next-StressedSyl<=4{*-x;*,*-0;*,*-1;*,*-2;*,*-3;*,*-4;*}"
705,"QS Num-Syl_from_next-StressedSyl<=5{*-x;*,*-0;*,*-1;*,*-2;*,*-3;*,*-4;*,*-5;*}"
706,QS Num-Syl_from_prev-AccentedSyl==x{*;x-*}
707,QS Num-Syl_from_prev-AccentedSyl==0{*;0-*}
708,QS Num-Syl_from_prev-AccentedSyl==1{*;1-*}
709,QS Num-Syl_from_prev-AccentedSyl==2{*;2-*}
710,QS Num-Syl_from_prev-AccentedSyl==3{*;3-*}
711,QS Num-Syl_from_prev-AccentedSyl==4{*;4-*}
712,QS Num-Syl_from_prev-AccentedSyl==5{*;5-*}
713,QS Num-Syl_from_prev-AccentedSyl==6{*;6-*}
714,QS Num-Syl_from_prev-AccentedSyl==7{*;7-*}
715,QS Num-Syl_from_prev-AccentedSyl==8{*;8-*}
716,QS Num-Syl_from_prev-AccentedSyl==9{*;9-*}
717,QS Num-Syl_from_prev-AccentedSyl==10{*;10-*}
718,QS Num-Syl_from_prev-AccentedSyl==11{*;11-*}
719,QS Num-Syl_from_prev-AccentedSyl==12{*;12-*}
720,QS Num-Syl_from_prev-AccentedSyl==13{*;13-*}
721,QS Num-Syl_from_prev-AccentedSyl==14{*;14-*}
722,QS Num-Syl_from_prev-AccentedSyl==15{*;15-*}
723,QS Num-Syl_from_prev-AccentedSyl==16{*;16-*}
724,"QS Num-Syl_from_prev-AccentedSyl<=0{*;x-*,*;0-*}"
725,"QS Num-Syl_from_prev-AccentedSyl<=1{*;x-*,*;0-*,*;1-*}"
726,"QS Num-Syl_from_prev-AccentedSyl<=2{*;x-*,*;0-*,*;1-*,*;2-*}"
727,"QS Num-Syl_from_prev-AccentedSyl<=3{*;x-*,*;0-*,*;1-*,*;2-*,*;3-*}"
728,"QS Num-Syl_from_prev-AccentedSyl<=4{*;x-*,*;0-*,*;1-*,*;2-*,*;3-*,*;4-*}"
729,"QS Num-Syl_from_prev-AccentedSyl<=5{*;x-*,*;0-*,*;1-*,*;2-*,*;3-*,*;4-*,*;5-*}"
730,"QS Num-Syl_from_prev-AccentedSyl<=6{*;x-*,*;0-*,*;1-*,*;2-*,*;3-*,*;4-*,*;5-*,*;6-*}"
731,"QS Num-Syl_from_prev-AccentedSyl<=7{*;x-*,*;0-*,*;1-*,*;2-*,*;3-*,*;4-*,*;5-*,*;6-*,*;7-*}"
732,"QS Num-Syl_from_prev-AccentedSyl<=8{*;x-*,*;0-*,*;1-*,*;2-*,*;3-*,*;4-*,*;5-*,*;6-*,*;7-*,*;8-*}"
733,QS Num-Syl_from_prev-AccentedSyl<=9{*;?-*}
734,"QS Num-Syl_from_prev-AccentedSyl<=10{*;?-*,*;10-*}"
735,"QS Num-Syl_from_prev-AccentedSyl<=11{*;?-*,*;10-*,*;11-*}"
736,"QS Num-Syl_from_prev-AccentedSyl<=12{*;?-*,*;10-*,*;11-*,*;12-*}"
737,"QS Num-Syl_from_prev-AccentedSyl<=13{*;?-*,*;10-*,*;11-*,*;12-*,*;13-*}"
738,"QS Num-Syl_from_prev-AccentedSyl<=14{*;?-*,*;10-*,*;11-*,*;12-*,*;13-*,*;14-*}"
739,"QS Num-Syl_from_prev-AccentedSyl<=15{*;?-*,*;10-*,*;11-*,*;12-*,*;13-*,*;14-*,*;15-*}"
740,"QS Num-Syl_from_prev-AccentedSyl<=16{*;?-*,*;10-*,*;11-*,*;12-*,*;13-*,*;14-*,*;15-*,*;16-*}"
741,QS Num-Syl_from_next-AccentedSyl==x{*-x|*}
742,QS Num-Syl_from_next-AccentedSyl==0{*-0|*}
743,QS Num-Syl_from_next-AccentedSyl==1{*-1|*}
744,QS Num-Syl_from_next-AccentedSyl==2{*-2|*}
745,QS Num-Syl_from_next-AccentedSyl==3{*-3|*}
746,QS Num-Syl_from_next-AccentedSyl==4{*-4|*}
747,QS Num-Syl_from_next-AccentedSyl==5{*-5|*}
748,QS Num-Syl_from_next-AccentedSyl==6{*-6|*}
749,QS Num-Syl_from_next-AccentedSyl==7{*-7|*}
750,QS Num-Syl_from_next-AccentedSyl==8{*-8|*}
751,QS Num-Syl_from_next-AccentedSyl==9{*-9|*}
752,QS Num-Syl_from_next-AccentedSyl==10{*-10|*}
753,QS Num-Syl_from_next-AccentedSyl==11{*-11|*}
754,QS Num-Syl_from_next-AccentedSyl==12{*-12|*}
755,QS Num-Syl_from_next-AccentedSyl==13{*-13|*}
756,QS Num-Syl_from_next-AccentedSyl==14{*-14|*}
757,QS Num-Syl_from_next-AccentedSyl==15{*-15|*}
758,QS Num-Syl_from_next-AccentedSyl==16{*-16|*}
759,"QS Num-Syl_from_next-AccentedSyl<=0{*-x|*,*-0|*}"
760,"QS Num-Syl_from_next-AccentedSyl<=1{*-x|*,*-0|*,*-1|*}"
761,"QS Num-Syl_from_next-AccentedSyl<=2{*-x|*,*-0|*,*-1|*,*-2|*}"
762,"QS Num-Syl_from_next-AccentedSyl<=3{*-x|*,*-0|*,*-1|*,*-2|*,*-3|*}"
763,"QS Num-Syl_from_next-AccentedSyl<=4{*-x|*,*-0|*,*-1|*,*-2|*,*-3|*,*-4|*}"
764,"QS Num-Syl_from_next-AccentedSyl<=5{*-x|*,*-0|*,*-1|*,*-2|*,*-3|*,*-4|*,*-5|*}"
765,"QS Num-Syl_from_next-AccentedSyl<=6{*-x|*,*-0|*,*-1|*,*-2|*,*-3|*,*-4|*,*-5|*,*-6|*}"
766,"QS Num-Syl_from_next-AccentedSyl<=7{*-x|*,*-0|*,*-1|*,*-2|*,*-3|*,*-4|*,*-5|*,*-6|*,*-7|*}"
767,"QS Num-Syl_from_next-AccentedSyl<=8{*-x|*,*-0|*,*-1|*,*-2|*,*-3|*,*-4|*,*-5|*,*-6|*,*-7|*,*-8|*}"
768,QS Num-Syl_from_next-AccentedSyl<=9{*-?|*}
769,"QS Num-Syl_from_next-AccentedSyl<=10{*-?|*,*-10|*}"
770,"QS Num-Syl_from_next-AccentedSyl<=11{*-?|*,*-10|*,*-11|*}"
771,"QS Num-Syl_from_next-AccentedSyl<=12{*-?|*,*-10|*,*-11|*,*-12|*}"
772,"QS Num-Syl_from_next-AccentedSyl<=13{*-?|*,*-10|*,*-11|*,*-12|*,*-13|*}"
773,"QS Num-Syl_from_next-AccentedSyl<=14{*-?|*,*-10|*,*-11|*,*-12|*,*-13|*,*-14|*}"
774,"QS Num-Syl_from_next-AccentedSyl<=15{*-?|*,*-10|*,*-11|*,*-12|*,*-13|*,*-14|*,*-15|*}"
775,"QS Num-Syl_from_next-AccentedSyl<=16{*-?|*,*-10|*,*-11|*,*-12|*,*-13|*,*-14|*,*-15|*,*-16|*}"
776,QS C-Syl_Vowel==x{*|x/C:*}
777,"QS C-Syl_Vowel{*|i/C:*,*|y/C:*,*|e/C:*,*|a/C:*,*|o/C:*,*|u/C:*,*|schwa/C:*}"
778,"QS C-Syl_Front_Vowel{*|e/C:*,*|i/C:*,*|y/C:*}"
779,"QS C-Syl_Central_Vowel{*|a/C:*,*|schwa/C:*}"
780,"QS C-Syl_Back_Vowel{*|o/C:*,*|u/C:*}"
781,"QS C-Syl_High_Vowel{*|i/C:*,*|y/C:*,*|u/C:*}"
782,"QS C-Syl_Medium_Vowel{*|e/C:*,*|o/C:*,*|schwa/C:*}"
783,QS C-Syl_Low_Vowel{*|a/C:*}
784,"QS C-Syl_Rounded_Vowel{*|o/C:*,*|u/C:*}"
785,"QS C-Syl_Unrounded_Vowel{*|a/C:*,*|e/C:*,*|i/C:*,*|y/C:*}"
786,QS C-Syl_IVowel{*|i/C:*}
787,QS C-Syl_EVowel{*|e/C:*}
788,QS C-Syl_AVowel{*|a/C:*}
789,QS C-Syl_OVowel{*|o/C:*}
790,QS C-Syl_UVowel{*|u/C:*}
791,QS C-Syl_YVowel{*|y/C:*}
792,QS C-Syl_SCHWAVowel                   {*|schwa/C:*}
793,QS R-Syl_Stress==1{*/C:1+*}
794,QS R-Syl_Stress==0{*/C:0+*}
795,QS R-Syl_Accent==1{*+1+*}
796,QS R-Syl_Accent==0{*+0+*}
797,QS R-Syl_TOBI_Accent-H*{*/M:H?}
798,QS R-Syl_TOBI_Accent-L*{*/M:L?}
799,QS R-Syl_TOBI_Accent-L*+H{*/M:L?+H}
800,QS R-Syl_TOBI_Accent-L+H*{*/M:L+H?}
801,QS R-Syl_TOBI_Accent-0{*/M:0}
802,QS R-Syl_TOBI_Accent-NONE{*/M:NONE}
803,QS R-Syl_TOBI_Accent-x{*/M:x}
804,QS R-Syl_Num-Segs==0{*+0/D:*}
805,QS R-Syl_Num-Segs==1{*+1/D:*}
806,QS R-Syl_Num-Segs==2{*+2/D:*}
807,QS R-Syl_Num-Segs==3{*+3/D:*}
808,QS R-Syl_Num-Segs==4{*+4/D:*}
809,QS R-Syl_Num-Segs==5{*+5/D:*}
810,QS R-Syl_Num-Segs==6{*+6/D:*}
811,QS R-Syl_Num-Segs==7{*+7/D:*}
812,"QS R-Syl_Num-Segs<=1{*+0/D:*,*+1/D:*}"
813,"QS R-Syl_Num-Segs<=2{*+0/D:*,*+1/D:*,*+2/D:*}"
814,"QS R-Syl_Num-Segs<=3{*+0/D:*,*+1/D:*,*+2/D:*,*+3/D:*}"
815,"QS R-Syl_Num-Segs<=4{*+0/D:*,*+1/D:*,*+2/D:*,*+3/D:*,*+4/D:*}"
816,"QS R-Syl_Num-Segs<=5{*+0/D:*,*+1/D:*,*+2/D:*,*+3/D:*,*+4/D:*,*+5/D:*}"
817,"QS R-Syl_Num-Segs<=6{*+0/D:*,*+1/D:*,*+2/D:*,*+3/D:*,*+4/D:*,*+5/D:*,*+6/D:*}"
818,"QS R-Syl_Num-Segs<=7{*+0/D:*,*+1/D:*,*+2/D:*,*+3/D:*,*+4/D:*,*+5/D:*,*+6/D:*,*+7/D:*}"
819,QS L-Word_Num-Syls==0{*_0/E:*}
820,QS L-Word_Num-Syls==1{*_1/E:*}
821,QS L-Word_Num-Syls==2{*_2/E:*}
822,QS L-Word_Num-Syls==3{*_3/E:*}
823,QS L-Word_Num-Syls==4{*_4/E:*}
824,QS L-Word_Num-Syls==5{*_5/E:*}
825,QS L-Word_Num-Syls==6{*_6/E:*}
826,QS L-Word_Num-Syls==7{*_7/E:*}
827,"QS L-Word_Num-Syls<=1{*_0/E:*,*_1/E:*}"
828,"QS L-Word_Num-Syls<=2{*_0/E:*,*_1/E:*,*_2/E:*}"
829,"QS L-Word_Num-Syls<=3{*_0/E:*,*_1/E:*,*_2/E:*,*_3/E:*}"
830,"QS L-Word_Num-Syls<=4{*_0/E:*,*_1/E:*,*_2/E:*,*_3/E:*,*_4/E:*}"
831,"QS L-Word_Num-Syls<=5{*_0/E:*,*_1/E:*,*_2/E:*,*_3/E:*,*_4/E:*,*_5/E:*}"
832,"QS L-Word_Num-Syls<=6{*_0/E:*,*_1/E:*,*_2/E:*,*_3/E:*,*_4/E:*,*_5/E:*,*_6/E:*}"
833,"QS L-Word_Num-Syls<=7{*_0/E:*,*_1/E:*,*_2/E:*,*_3/E:*,*_4/E:*,*_5/E:*,*_6/E:*,*_7/E:*}"
834,QS C-Word_Num-Syls==x{*+x@*}
835,QS C-Word_Num-Syls==1{*+1@*}
836,QS C-Word_Num-Syls==2{*+2@*}
837,QS C-Word_Num-Syls==3{*+3@*}
838,QS C-Word_Num-Syls==4{*+4@*}
839,QS C-Word_Num-Syls==5{*+5@*}
840,QS C-Word_Num-Syls==6{*+6@*}
841,QS C-Word_Num-Syls==7{*+7@*}
842,"QS C-Word_Num-Syls<=1{*+x@*,*+1@*}"
843,"QS C-Word_Num-Syls<=2{*+x@*,*+1@*,*+2@*}"
844,"QS C-Word_Num-Syls<=3{*+x@*,*+1@*,*+2@*,*+3@*}"
845,"QS C-Word_Num-Syls<=4{*+x@*,*+1@*,*+2@*,*+3@*,*+4@*}"
846,"QS C-Word_Num-Syls<=5{*+x@*,*+1@*,*+2@*,*+3@*,*+4@*,*+5@*}"
847,"QS C-Word_Num-Syls<=6{*+x@*,*+1@*,*+2@*,*+3@*,*+4@*,*+5@*,*+6@*}"
848,"QS C-Word_Num-Syls<=7{*+x@*,*+1@*,*+2@*,*+3@*,*+4@*,*+5@*,*+6@*,*+7@*}"
849,QS Pos_C-Word_in_C-Phrase(Fw)==x{*@x+*}
850,QS Pos_C-Word_in_C-Phrase(Fw)==1{*@1+*}
851,QS Pos_C-Word_in_C-Phrase(Fw)==2{*@2+*}
852,QS Pos_C-Word_in_C-Phrase(Fw)==3{*@3+*}
853,QS Pos_C-Word_in_C-Phrase(Fw)==4{*@4+*}
854,QS Pos_C-Word_in_C-Phrase(Fw)==5{*@5+*}
855,QS Pos_C-Word_in_C-Phrase(Fw)==6{*@6+*}
856,QS Pos_C-Word_in_C-Phrase(Fw)==7{*@7+*}
857,QS Pos_C-Word_in_C-Phrase(Fw)==8{*@8+*}
858,QS Pos_C-Word_in_C-Phrase(Fw)==9{*@9+*}
859,QS Pos_C-Word_in_C-Phrase(Fw)==10{*@10+*}
860,QS Pos_C-Word_in_C-Phrase(Fw)==11{*@11+*}
861,QS Pos_C-Word_in_C-Phrase(Fw)==12{*@12+*}
862,QS Pos_C-Word_in_C-Phrase(Fw)==13{*@13+*}
863,"QS Pos_C-Word_in_C-Phrase(Fw)<=1{*@x+*,*@1+*}"
864,"QS Pos_C-Word_in_C-Phrase(Fw)<=2{*@x+*,*@1+*,*@2+*}"
865,"QS Pos_C-Word_in_C-Phrase(Fw)<=3{*@x+*,*@1+*,*@2+*,*@3+*}"
866,"QS Pos_C-Word_in_C-Phrase(Fw)<=4{*@x+*,*@1+*,*@2+*,*@3+*,*@4+*}"
867,"QS Pos_C-Word_in_C-Phrase(Fw)<=5{*@x+*,*@1+*,*@2+*,*@3+*,*@4+*,*@5+*}"
868,"QS Pos_C-Word_in_C-Phrase(Fw)<=6{*@x+*,*@1+*,*@2+*,*@3+*,*@4+*,*@5+*,*@6+*}"
869,"QS Pos_C-Word_in_C-Phrase(Fw)<=7{*@x+*,*@1+*,*@2+*,*@3+*,*@4+*,*@5+*,*@6+*,*@7+*}"
870,"QS Pos_C-Word_in_C-Phrase(Fw)<=8{*@x+*,*@1+*,*@2+*,*@3+*,*@4+*,*@5+*,*@6+*,*@7+*,*@8+*}"
871,QS Pos_C-Word_in_C-Phrase(Fw)<=9{*@?+*}
872,"QS Pos_C-Word_in_C-Phrase(Fw)<=10{*@?+*,*@10+*}"
873,"QS Pos_C-Word_in_C-Phrase(Fw)<=11{*@?+*,*@10+*,*@11+*}"
874,"QS Pos_C-Word_in_C-Phrase(Fw)<=12{*@?+*,*@10+*,*@11+*,*@12+*}"
875,"QS Pos_C-Word_in_C-Phrase(Fw)<=13{*@?+*,*@10+*,*@11+*,*@12+*,*@13+*}"
876,QS Pos_C-Word_in_C-Phrase(Bw)==x{*+x&*}
877,QS Pos_C-Word_in_C-Phrase(Bw)==0{*+0&*}
878,QS Pos_C-Word_in_C-Phrase(Bw)==1{*+1&*}
879,QS Pos_C-Word_in_C-Phrase(Bw)==2{*+2&*}
880,QS Pos_C-Word_in_C-Phrase(Bw)==3{*+3&*}
881,QS Pos_C-Word_in_C-Phrase(Bw)==4{*+4&*}
882,QS Pos_C-Word_in_C-Phrase(Bw)==5{*+5&*}
883,QS Pos_C-Word_in_C-Phrase(Bw)==6{*+6&*}
884,QS Pos_C-Word_in_C-Phrase(Bw)==7{*+7&*}
885,QS Pos_C-Word_in_C-Phrase(Bw)==8{*+8&*}
886,QS Pos_C-Word_in_C-Phrase(Bw)==9{*+9&*}
887,QS Pos_C-Word_in_C-Phrase(Bw)==10{*+10&*}
888,QS Pos_C-Word_in_C-Phrase(Bw)==11{*+11&*}
889,QS Pos_C-Word_in_C-Phrase(Bw)==12{*+12&*}
890,QS Pos_C-Word_in_C-Phrase(Bw)==13{*+13&*}
891,"QS Pos_C-Word_in_C-Phrase(Bw)<=1{*+x&*,*+0&*,*+1&*}"
892,"QS Pos_C-Word_in_C-Phrase(Bw)<=2{*+x&*,*+0&*,*+1&*,*+2&*}"
893,"QS Pos_C-Word_in_C-Phrase(Bw)<=3{*+x&*,*+0&*,*+1&*,*+2&*,*+3&*}"
894,"QS Pos_C-Word_in_C-Phrase(Bw)<=4{*+x&*,*+0&*,*+1&*,*+2&*,*+3&*,*+4&*}"
895,"QS Pos_C-Word_in_C-Phrase(Bw)<=5{*+x&*,*+0&*,*+1&*,*+2&*,*+3&*,*+4&*,*+5&*}"
896,"QS Pos_C-Word_in_C-Phrase(Bw)<=6{*+x&*,*+0&*,*+1&*,*+2&*,*+3&*,*+4&*,*+5&*,*+6&*}"
897,"QS Pos_C-Word_in_C-Phrase(Bw)<=7{*+x&*,*+0&*,*+1&*,*+2&*,*+3&*,*+4&*,*+5&*,*+6&*,*+7&*}"
898,"QS Pos_C-Word_in_C-Phrase(Bw)<=8{*+x&*,*+0&*,*+1&*,*+2&*,*+3&*,*+4&*,*+5&*,*+6&*,*+7&*,*+8&*}"
899,QS Pos_C-Word_in_C-Phrase(Bw)<=9{*+?&*}
900,"QS Pos_C-Word_in_C-Phrase(Bw)<=10{*+?&*,*+10&*}"
901,"QS Pos_C-Word_in_C-Phrase(Bw)<=11{*+?&*,*+10&*,*+11&*}"
902,"QS Pos_C-Word_in_C-Phrase(Bw)<=12{*+?&*,*+10&*,*+11&*,*+12&*}"
903,"QS Pos_C-Word_in_C-Phrase(Bw)<=13{*+?&*,*+10&*,*+11&*,*+12&*,*+13&*}"
904,QS Num-ContWord_before_C-Word_in_C-Phrase==x{*&x+*}
905,QS Num-ContWord_before_C-Word_in_C-Phrase==1{*&1+*}
906,QS Num-ContWord_before_C-Word_in_C-Phrase==2{*&2+*}
907,QS Num-ContWord_before_C-Word_in_C-Phrase==3{*&3+*}
908,QS Num-ContWord_before_C-Word_in_C-Phrase==4{*&4+*}
909,QS Num-ContWord_before_C-Word_in_C-Phrase==5{*&5+*}
910,QS Num-ContWord_before_C-Word_in_C-Phrase==6{*&6+*}
911,QS Num-ContWord_before_C-Word_in_C-Phrase==7{*&7+*}
912,QS Num-ContWord_before_C-Word_in_C-Phrase==8{*&8+*}
913,QS Num-ContWord_before_C-Word_in_C-Phrase==9{*&9+*}
914,"QS Num-ContWord_before_C-Word_in_C-Phrase<=1{*&x+*,*&1+*}"
915,"QS Num-ContWord_before_C-Word_in_C-Phrase<=2{*&x+*,*&1+*,*&2+*}"
916,"QS Num-ContWord_before_C-Word_in_C-Phrase<=3{*&x+*,*&1+*,*&2+*,*&3+*}"
917,"QS Num-ContWord_before_C-Word_in_C-Phrase<=4{*&x+*,*&1+*,*&2+*,*&3+*,*&4+*}"
918,"QS Num-ContWord_before_C-Word_in_C-Phrase<=5{*&x+*,*&1+*,*&2+*,*&3+*,*&4+*,*&5+*}"
919,"QS Num-ContWord_before_C-Word_in_C-Phrase<=6{*&x+*,*&1+*,*&2+*,*&3+*,*&4+*,*&5+*,*&6+*}"
920,"QS Num-ContWord_before_C-Word_in_C-Phrase<=7{*&x+*,*&1+*,*&2+*,*&3+*,*&4+*,*&5+*,*&6+*,*&7+*}"
921,"QS Num-ContWord_before_C-Word_in_C-Phrase<=8{*&x+*,*&1+*,*&2+*,*&3+*,*&4+*,*&5+*,*&6+*,*&7+*,*&8+*}"
922,QS Num-ContWord_before_C-Word_in_C-Phrase<=9{*&?+*}
923,QS Num-ContWord_after_C-Word_in_C-Phrase==x{*+x#*}
924,QS Num-ContWord_after_C-Word_in_C-Phrase==0{*+0#*}
925,QS Num-ContWord_after_C-Word_in_C-Phrase==1{*+1#*}
926,QS Num-ContWord_after_C-Word_in_C-Phrase==2{*+2#*}
927,QS Num-ContWord_after_C-Word_in_C-Phrase==3{*+3#*}
928,QS Num-ContWord_after_C-Word_in_C-Phrase==4{*+4#*}
929,QS Num-ContWord_after_C-Word_in_C-Phrase==5{*+5#*}
930,QS Num-ContWord_after_C-Word_in_C-Phrase==6{*+6#*}
931,QS Num-ContWord_after_C-Word_in_C-Phrase==7{*+7#*}
932,QS Num-ContWord_after_C-Word_in_C-Phrase==8{*+8#*}
933,"QS Num-ContWord_after_C-Word_in_C-Phrase<=0{*+x#*,*+0#*}"
934,"QS Num-ContWord_after_C-Word_in_C-Phrase<=1{*+x#*,*+0#*,*+1#*}"
935,"QS Num-ContWord_after_C-Word_in_C-Phrase<=2{*+x#*,*+0#*,*+1#*,*+2#*}"
936,"QS Num-ContWord_after_C-Word_in_C-Phrase<=3{*+x#*,*+0#*,*+1#*,*+2#*,*+3#*}"
937,"QS Num-ContWord_after_C-Word_in_C-Phrase<=4{*+x#*,*+0#*,*+1#*,*+2#*,*+3#*,*+4#*}"
938,"QS Num-ContWord_after_C-Word_in_C-Phrase<=5{*+x#*,*+0#*,*+1#*,*+2#*,*+3#*,*+4#*,*+5#*}"
939,"QS Num-ContWord_after_C-Word_in_C-Phrase<=6{*+x#*,*+0#*,*+1#*,*+2#*,*+3#*,*+4#*,*+5#*,*+6#*}"
940,"QS Num-ContWord_after_C-Word_in_C-Phrase<=7{*+x#*,*+0#*,*+1#*,*+2#*,*+3#*,*+4#*,*+5#*,*+6#*,*+7#*}"
941,"QS Num-ContWord_after_C-Word_in_C-Phrase<=8{*+x#*,*+0#*,*+1#*,*+2#*,*+3#*,*+4#*,*+5#*,*+6#*,*+7#*,*+8#*}"
942,QS Num-Words_from_prev-ContWord==x{*#x+*}
943,QS Num-Words_from_prev-ContWord==0{*#0+*}
944,QS Num-Words_from_prev-ContWord==1{*#1+*}
945,QS Num-Words_from_prev-ContWord==2{*#2+*}
946,QS Num-Words_from_prev-ContWord==3{*#3+*}
947,QS Num-Words_from_prev-ContWord==4{*#4+*}
948,QS Num-Words_from_prev-ContWord==5{*#5+*}
949,"QS Num-Words_from_prev-ContWord<=0{*#x+*,*#0+*}"
950,"QS Num-Words_from_prev-ContWord<=1{*#x+*,*#0+*,*#1+*}"
951,"QS Num-Words_from_prev-ContWord<=2{*#x+*,*#0+*,*#1+*,*#2+*}"
952,"QS Num-Words_from_prev-ContWord<=3{*#x+*,*#0+*,*#1+*,*#2+*,*#3+*}"
953,"QS Num-Words_from_prev-ContWord<=4{*#x+*,*#0+*,*#1+*,*#2+*,*#3+*,*#4+*}"
954,"QS Num-Words_from_prev-ContWord<=5{*#x+*,*#0+*,*#1+*,*#2+*,*#3+*,*#4+*,*#5+*}"
955,QS Num-Words_from_next-ContWord==x{*+x/F:*}
956,QS Num-Words_from_next-ContWord==0{*+0/F:*}
957,QS Num-Words_from_next-ContWord==1{*+1/F:*}
958,QS Num-Words_from_next-ContWord==2{*+2/F:*}
959,QS Num-Words_from_next-ContWord==3{*+3/F:*}
960,QS Num-Words_from_next-ContWord==4{*+4/F:*}
961,QS Num-Words_from_next-ContWord==5{*+5/F:*}
962,"QS Num-Words_from_next-ContWord<=0{*+x/F:*,*+0/F:*}"
963,"QS Num-Words_from_next-ContWord<=1{*+x/F:*,*+0/F:*,*+1/F:*}"
964,"QS Num-Words_from_next-ContWord<=2{*+x/F:*,*+0/F:*,*+1/F:*,*+2/F:*}"
965,"QS Num-Words_from_next-ContWord<=3{*+x/F:*,*+0/F:*,*+1/F:*,*+2/F:*,*+3/F:*}"
966,"QS Num-Words_from_next-ContWord<=4{*+x/F:*,*+0/F:*,*+1/F:*,*+2/F:*,*+3/F:*,*+4/F:*}"
967,"QS Num-Words_from_next-ContWord<=5{*+x/F:*,*+0/F:*,*+1/F:*,*+2/F:*,*+3/F:*,*+4/F:*,*+5/F:*}"
968,QS R-Word_Num-Syls==0{*_0/G:*}
969,QS R-Word_Num-Syls==1{*_1/G:*}
970,QS R-Word_Num-Syls==2{*_2/G:*}
971,QS R-Word_Num-Syls==3{*_3/G:*}
972,QS R-Word_Num-Syls==4{*_4/G:*}
973,QS R-Word_Num-Syls==5{*_5/G:*}
974,QS R-Word_Num-Syls==6{*_6/G:*}
975,QS R-Word_Num-Syls==7{*_7/G:*}
976,"QS R-Word_Num-Syls<=1{*_0/G:*,*_1/G:*}"
977,"QS R-Word_Num-Syls<=2{*_0/G:*,*_1/G:*,*_2/G:*}"
978,"QS R-Word_Num-Syls<=3{*_0/G:*,*_1/G:*,*_2/G:*,*_3/G:*}"
979,"QS R-Word_Num-Syls<=4{*_0/G:*,*_1/G:*,*_2/G:*,*_3/G:*,*_4/G:*}"
980,"QS R-Word_Num-Syls<=5{*_0/G:*,*_1/G:*,*_2/G:*,*_3/G:*,*_4/G:*,*_5/G:*}"
981,"QS R-Word_Num-Syls<=6{*_0/G:*,*_1/G:*,*_2/G:*,*_3/G:*,*_4/G:*,*_5/G:*,*_6/G:*}"
982,"QS R-Word_Num-Syls<=7{*_0/G:*,*_1/G:*,*_2/G:*,*_3/G:*,*_4/G:*,*_5/G:*,*_6/G:*,*_7/G:*}"
983,QS L-Phrase_Num-Syls==0{*/G:0_*}
984,QS L-Phrase_Num-Syls==1{*/G:1_*}
985,QS L-Phrase_Num-Syls==2{*/G:2_*}
986,QS L-Phrase_Num-Syls==3{*/G:3_*}
987,QS L-Phrase_Num-Syls==4{*/G:4_*}
988,QS L-Phrase_Num-Syls==5{*/G:5_*}
989,QS L-Phrase_Num-Syls==6{*/G:6_*}
990,QS L-Phrase_Num-Syls==7{*/G:7_*}
991,QS L-Phrase_Num-Syls==8{*/G:8_*}
992,QS L-Phrase_Num-Syls==9{*/G:9_*}
993,QS L-Phrase_Num-Syls==10{*/G:10_*}
994,QS L-Phrase_Num-Syls==11{*/G:11_*}
995,QS L-Phrase_Num-Syls==12{*/G:12_*}
996,QS L-Phrase_Num-Syls==13{*/G:13_*}
997,QS L-Phrase_Num-Syls==14{*/G:14_*}
998,QS L-Phrase_Num-Syls==15{*/G:15_*}
999,QS L-Phrase_Num-Syls==16{*/G:16_*}
1000,QS L-Phrase_Num-Syls==17{*/G:17_*}
1001,QS L-Phrase_Num-Syls==18{*/G:18_*}
1002,QS L-Phrase_Num-Syls==19{*/G:19_*}
1003,QS L-Phrase_Num-Syls==20{*/G:20_*}
1004,"QS L-Phrase_Num-Syls<=1{*/G:0_*,*/G:1_*}"
1005,"QS L-Phrase_Num-Syls<=2{*/G:0_*,*/G:1_*,*/G:2_*}"
1006,"QS L-Phrase_Num-Syls<=3{*/G:0_*,*/G:1_*,*/G:2_*,*/G:3_*}"
1007,"QS L-Phrase_Num-Syls<=4{*/G:0_*,*/G:1_*,*/G:2_*,*/G:3_*,*/G:4_*}"
1008,"QS L-Phrase_Num-Syls<=5{*/G:0_*,*/G:1_*,*/G:2_*,*/G:3_*,*/G:4_*,*/G:5_*}"
1009,"QS L-Phrase_Num-Syls<=6{*/G:0_*,*/G:1_*,*/G:2_*,*/G:3_*,*/G:4_*,*/G:5_*,*/G:6_*}"
1010,"QS L-Phrase_Num-Syls<=7{*/G:0_*,*/G:1_*,*/G:2_*,*/G:3_*,*/G:4_*,*/G:5_*,*/G:6_*,*/G:7_*}"
1011,"QS L-Phrase_Num-Syls<=8{*/G:0_*,*/G:1_*,*/G:2_*,*/G:3_*,*/G:4_*,*/G:5_*,*/G:6_*,*/G:7_*,*/G:8_*}"
1012,QS L-Phrase_Num-Syls<=9{*/G:?_*}
1013,"QS L-Phrase_Num-Syls<=10{*/G:?_*,*/G:10_*}"
1014,"QS L-Phrase_Num-Syls<=11{*/G:?_*,*/G:10_*,*/G:11_*}"
1015,"QS L-Phrase_Num-Syls<=12{*/G:?_*,*/G:10_*,*/G:11_*,*/G:12_*}"
1016,"QS L-Phrase_Num-Syls<=13{*/G:?_*,*/G:10_*,*/G:11_*,*/G:12_*,*/G:13_*}"
1017,"QS L-Phrase_Num-Syls<=14{*/G:?_*,*/G:10_*,*/G:11_*,*/G:12_*,*/G:13_*,*/G:14_*}"
1018,"QS L-Phrase_Num-Syls<=15{*/G:?_*,*/G:10_*,*/G:11_*,*/G:12_*,*/G:13_*,*/G:14_*,*/G:15_*}"
1019,"QS L-Phrase_Num-Syls<=16{*/G:?_*,*/G:10_*,*/G:11_*,*/G:12_*,*/G:13_*,*/G:14_*,*/G:15_*,*/G:16_*}"
1020,"QS L-Phrase_Num-Syls<=17{*/G:?_*,*/G:10_*,*/G:11_*,*/G:12_*,*/G:13_*,*/G:14_*,*/G:15_*,*/G:16_*,*/G:17_*}"
1021,"QS L-Phrase_Num-Syls<=18{*/G:?_*,*/G:10_*,*/G:11_*,*/G:12_*,*/G:13_*,*/G:14_*,*/G:15_*,*/G:16_*,*/G:17_*,*/G:18_*}"
1022,"QS L-Phrase_Num-Syls<=19{*/G:?_*,*/G:1?_*}"
1023,"QS L-Phrase_Num-Syls<=20{*/G:?_*,*/G:1?_*,*/G:20_*}"
1024,QS L-Phrase_Num-Words==0{*_0/H:*}
1025,QS L-Phrase_Num-Words==1{*_1/H:*}
1026,QS L-Phrase_Num-Words==2{*_2/H:*}
1027,QS L-Phrase_Num-Words==3{*_3/H:*}
1028,QS L-Phrase_Num-Words==4{*_4/H:*}
1029,QS L-Phrase_Num-Words==5{*_5/H:*}
1030,QS L-Phrase_Num-Words==6{*_6/H:*}
1031,QS L-Phrase_Num-Words==7{*_7/H:*}
1032,QS L-Phrase_Num-Words==8{*_8/H:*}
1033,QS L-Phrase_Num-Words==9{*_9/H:*}
1034,QS L-Phrase_Num-Words==10{*_10/H:*}
1035,QS L-Phrase_Num-Words==11{*_11/H:*}
1036,QS L-Phrase_Num-Words==12{*_12/H:*}
1037,QS L-Phrase_Num-Words==13{*_13/H:*}
1038,"QS L-Phrase_Num-Words<=1{*_0/H:*,*_1/H:*}"
1039,"QS L-Phrase_Num-Words<=2{*_0/H:*,*_1/H:*,*_2/H:*}"
1040,"QS L-Phrase_Num-Words<=3{*_0/H:*,*_1/H:*,*_2/H:*,*_3/H:*}"
1041,"QS L-Phrase_Num-Words<=4{*_0/H:*,*_1/H:*,*_2/H:*,*_3/H:*,*_4/H:*}"
1042,"QS L-Phrase_Num-Words<=5{*_0/H:*,*_1/H:*,*_2/H:*,*_3/H:*,*_4/H:*,*_5/H:*}"
1043,"QS L-Phrase_Num-Words<=6{*_0/H:*,*_1/H:*,*_2/H:*,*_3/H:*,*_4/H:*,*_5/H:*,*_6/H:*}"
1044,"QS L-Phrase_Num-Words<=7{*_0/H:*,*_1/H:*,*_2/H:*,*_3/H:*,*_4/H:*,*_5/H:*,*_6/H:*,*_7/H:*}"
1045,"QS L-Phrase_Num-Words<=8{*_0/H:*,*_1/H:*,*_2/H:*,*_3/H:*,*_4/H:*,*_5/H:*,*_6/H:*,*_7/H:*,*_8/H:*}"
1046,QS L-Phrase_Num-Words<=9{*_?/H:*}
1047,"QS L-Phrase_Num-Words<=10{*_?/H:*,*_10/H:*}"
1048,"QS L-Phrase_Num-Words<=11{*_?/H:*,*_10/H:*,*_11/H:*}"
1049,"QS L-Phrase_Num-Words<=12{*_?/H:*,*_10/H:*,*_11/H:*,*_12/H:*}"
1050,"QS L-Phrase_Num-Words<=13{*_?/H:*,*_10/H:*,*_11/H:*,*_12/H:*,*_13/H:*}"
1051,QS C-Phrase_Num-Syls==x{*/H:x=*}
1052,QS C-Phrase_Num-Syls==0{*/H:0=*}
1053,QS C-Phrase_Num-Syls==1{*/H:1=*}
1054,QS C-Phrase_Num-Syls==2{*/H:2=*}
1055,QS C-Phrase_Num-Syls==3{*/H:3=*}
1056,QS C-Phrase_Num-Syls==4{*/H:4=*}
1057,QS C-Phrase_Num-Syls==5{*/H:5=*}
1058,QS C-Phrase_Num-Syls==6{*/H:6=*}
1059,QS C-Phrase_Num-Syls==7{*/H:7=*}
1060,QS C-Phrase_Num-Syls==8{*/H:8=*}
1061,QS C-Phrase_Num-Syls==9{*/H:9=*}
1062,QS C-Phrase_Num-Syls==10{*/H:10=*}
1063,QS C-Phrase_Num-Syls==11{*/H:11=*}
1064,QS C-Phrase_Num-Syls==12{*/H:12=*}
1065,QS C-Phrase_Num-Syls==13{*/H:13=*}
1066,QS C-Phrase_Num-Syls==14{*/H:14=*}
1067,QS C-Phrase_Num-Syls==15{*/H:15=*}
1068,QS C-Phrase_Num-Syls==16{*/H:16=*}
1069,QS C-Phrase_Num-Syls==17{*/H:17=*}
1070,QS C-Phrase_Num-Syls==18{*/H:18=*}
1071,QS C-Phrase_Num-Syls==19{*/H:19=*}
1072,QS C-Phrase_Num-Syls==20{*/H:20=*}
1073,"QS C-Phrase_Num-Syls<=0{*/H:x=*,*/H:0=*}"
1074,"QS C-Phrase_Num-Syls<=1{*/H:x=*,*/H:0=*,*/H:1=*}"
1075,"QS C-Phrase_Num-Syls<=2{*/H:x=*,*/H:0=*,*/H:1=*,*/H:2=*}"
1076,"QS C-Phrase_Num-Syls<=3{*/H:x=*,*/H:0=*,*/H:1=*,*/H:2=*,*/H:3=*}"
1077,"QS C-Phrase_Num-Syls<=4{*/H:x=*,*/H:0=*,*/H:1=*,*/H:2=*,*/H:3=*,*/H:4=*}"
1078,"QS C-Phrase_Num-Syls<=5{*/H:x=*,*/H:0=*,*/H:1=*,*/H:2=*,*/H:3=*,*/H:4=*,*/H:5=*}"
1079,"QS C-Phrase_Num-Syls<=6{*/H:x=*,*/H:0=*,*/H:1=*,*/H:2=*,*/H:3=*,*/H:4=*,*/H:5=*,*/H:6=*}"
1080,"QS C-Phrase_Num-Syls<=7{*/H:x=*,*/H:0=*,*/H:1=*,*/H:2=*,*/H:3=*,*/H:4=*,*/H:5=*,*/H:6=*,*/H:7=*}"
1081,"QS C-Phrase_Num-Syls<=8{*/H:x=*,*/H:0=*,*/H:1=*,*/H:2=*,*/H:3=*,*/H:4=*,*/H:5=*,*/H:6=*,*/H:7=*,*/H:8=*}"
1082,QS C-Phrase_Num-Syls<=9{*/H:?=*}
1083,"QS C-Phrase_Num-Syls<=10{*/H:?=*,*/H:10=*}"
1084,"QS C-Phrase_Num-Syls<=11{*/H:?=*,*/H:10=*,*/H:11=*}"
1085,"QS C-Phrase_Num-Syls<=12{*/H:?=*,*/H:10=*,*/H:11=*,*/H:12=*}"
1086,"QS C-Phrase_Num-Syls<=13{*/H:?=*,*/H:10=*,*/H:11=*,*/H:12=*,*/H:13=*}"
1087,"QS C-Phrase_Num-Syls<=14{*/H:?=*,*/H:10=*,*/H:11=*,*/H:12=*,*/H:13=*,*/H:14=*}"
1088,"QS C-Phrase_Num-Syls<=15{*/H:?=*,*/H:10=*,*/H:11=*,*/H:12=*,*/H:13=*,*/H:14=*,*/H:15=*}"
1089,"QS C-Phrase_Num-Syls<=16{*/H:?=*,*/H:10=*,*/H:11=*,*/H:12=*,*/H:13=*,*/H:14=*,*/H:15=*,*/H:16=*}"
1090,"QS C-Phrase_Num-Syls<=17{*/H:?=*,*/H:10=*,*/H:11=*,*/H:12=*,*/H:13=*,*/H:14=*,*/H:15=*,*/H:16=*,*/H:17=*}"
1091,"QS C-Phrase_Num-Syls<=18{*/H:?=*,*/H:10=*,*/H:11=*,*/H:12=*,*/H:13=*,*/H:14=*,*/H:15=*,*/H:16=*,*/H:17=*,*/H:18=*}"
1092,"QS C-Phrase_Num-Syls<=19{*/H:?=*,*/H:1?=*}"
1093,"QS C-Phrase_Num-Syls<=20{*/H:?=*,*/H:1?=*,*/H:20=*}"
1094,QS C-Phrase_Num-Words==x{*=x@*}
1095,QS C-Phrase_Num-Words==0{*=0@*}
1096,QS C-Phrase_Num-Words==1{*=1@*}
1097,QS C-Phrase_Num-Words==2{*=2@*}
1098,QS C-Phrase_Num-Words==3{*=3@*}
1099,QS C-Phrase_Num-Words==4{*=4@*}
1100,QS C-Phrase_Num-Words==5{*=5@*}
1101,QS C-Phrase_Num-Words==6{*=6@*}
1102,QS C-Phrase_Num-Words==7{*=7@*}
1103,QS C-Phrase_Num-Words==8{*=8@*}
1104,QS C-Phrase_Num-Words==9{*=9@*}
1105,QS C-Phrase_Num-Words==10{*=10@*}
1106,QS C-Phrase_Num-Words==11{*=11@*}
1107,QS C-Phrase_Num-Words==12{*=12@*}
1108,QS C-Phrase_Num-Words==13{*=13@*}
1109,"QS C-Phrase_Num-Words<=0{*=x@*,*=0@*}"
1110,"QS C-Phrase_Num-Words<=1{*=x@*,*=0@*,*=1@*}"
1111,"QS C-Phrase_Num-Words<=2{*=x@*,*=0@*,*=1@*,*=2@*}"
1112,"QS C-Phrase_Num-Words<=3{*=x@*,*=0@*,*=1@*,*=2@*,*=3@*}"
1113,"QS C-Phrase_Num-Words<=4{*=x@*,*=0@*,*=1@*,*=2@*,*=3@*,*=4@*}"
1114,"QS C-Phrase_Num-Words<=5{*=x@*,*=0@*,*=1@*,*=2@*,*=3@*,*=4@*,*=5@*}"
1115,"QS C-Phrase_Num-Words<=6{*=x@*,*=0@*,*=1@*,*=2@*,*=3@*,*=4@*,*=5@*,*=6@*}"
1116,"QS C-Phrase_Num-Words<=7{*=x@*,*=0@*,*=1@*,*=2@*,*=3@*,*=4@*,*=5@*,*=6@*,*=7@*}"
1117,"QS C-Phrase_Num-Words<=8{*=x@*,*=0@*,*=1@*,*=2@*,*=3@*,*=4@*,*=5@*,*=6@*,*=7@*,*=8@*}"
1118,"QS C-Phrase_Num-Words<=9{*=x@*,*=0@*,*=1@*,*=2@*,*=3@*,*=4@*,*=5@*,*=6@*,*=7@*,*=8@*,*=9@*}"
1119,"QS C-Phrase_Num-Words<=10{*=x@*,*=0@*,*=1@*,*=2@*,*=3@*,*=4@*,*=5@*,*=6@*,*=7@*,*=8@*,*=9@*,*=10@*}"
1120,"QS C-Phrase_Num-Words<=11{*=x@*,*=0@*,*=1@*,*=2@*,*=3@*,*=4@*,*=5@*,*=6@*,*=7@*,*=8@*,*=9@*,*=10@*,*=11@*}"
1121,"QS C-Phrase_Num-Words<=12{*=x@*,*=0@*,*=1@*,*=2@*,*=3@*,*=4@*,*=5@*,*=6@*,*=7@*,*=8@*,*=9@*,*=10@*,*=11@*,*=12@*}"
1122,"QS C-Phrase_Num-Words<=13{*=x@*,*=0@*,*=1@*,*=2@*,*=3@*,*=4@*,*=5@*,*=6@*,*=7@*,*=8@*,*=9@*,*=10@*,*=11@*,*=12@*,*=13@*}"
1123,QS Pos_C-Phrase_in_Utterance(Fw)==1{*@1=*}
1124,QS Pos_C-Phrase_in_Utterance(Fw)==2{*@2=*}
1125,QS Pos_C-Phrase_in_Utterance(Fw)==3{*@3=*}
1126,QS Pos_C-Phrase_in_Utterance(Fw)==4{*@4=*}
1127,"QS Pos_C-Phrase_in_Utterance(Fw)<=2{*@1=*,*@2=*}"
1128,"QS Pos_C-Phrase_in_Utterance(Fw)<=3{*@1=*,*@2=*,*@3=*}"
1129,"QS Pos_C-Phrase_in_Utterance(Fw)<=4{*@1=*,*@2=*,*@3=*,*@4=*}"
1130,QS Pos_C-Phrase_in_Utterance(Bw)==1{*=1|*}
1131,QS Pos_C-Phrase_in_Utterance(Bw)==2{*=2|*}
1132,QS Pos_C-Phrase_in_Utterance(Bw)==3{*=3|*}
1133,QS Pos_C-Phrase_in_Utterance(Bw)==4{*=4|*}
1134,"QS Pos_C-Phrase_in_Utterance(Bw)<=2{*=1|*,*=2|*}"
1135,"QS Pos_C-Phrase_in_Utterance(Bw)<=3{*=1|*,*=2|*,*=3|*}"
1136,"QS Pos_C-Phrase_in_Utterance(Bw)<=4{*=1|*,*=2|*,*=3|*,*=4|*}"
1137,QS R-Phrase_Num-Syls==0{*/I:0=*}
1138,QS R-Phrase_Num-Syls==1{*/I:1=*}
1139,QS R-Phrase_Num-Syls==2{*/I:2=*}
1140,QS R-Phrase_Num-Syls==3{*/I:3=*}
1141,QS R-Phrase_Num-Syls==4{*/I:4=*}
1142,QS R-Phrase_Num-Syls==5{*/I:5=*}
1143,QS R-Phrase_Num-Syls==6{*/I:6=*}
1144,QS R-Phrase_Num-Syls==7{*/I:7=*}
1145,QS R-Phrase_Num-Syls==8{*/I:8=*}
1146,QS R-Phrase_Num-Syls==9{*/I:9=*}
1147,QS R-Phrase_Num-Syls==10{*/I:10=*}
1148,QS R-Phrase_Num-Syls==11{*/I:11=*}
1149,QS R-Phrase_Num-Syls==12{*/I:12=*}
1150,QS R-Phrase_Num-Syls==13{*/I:13=*}
1151,QS R-Phrase_Num-Syls==14{*/I:14=*}
1152,QS R-Phrase_Num-Syls==15{*/I:15=*}
1153,QS R-Phrase_Num-Syls==16{*/I:16=*}
1154,QS R-Phrase_Num-Syls==17{*/I:17=*}
1155,QS R-Phrase_Num-Syls==18{*/I:18=*}
1156,QS R-Phrase_Num-Syls==19{*/I:19=*}
1157,QS R-Phrase_Num-Syls==20{*/I:20=*}
1158,"QS R-Phrase_Num-Syls<=1{*/I:0=*,*/I:1=*}"
1159,"QS R-Phrase_Num-Syls<=2{*/I:0=*,*/I:1=*,*/I:2=*}"
1160,"QS R-Phrase_Num-Syls<=3{*/I:0=*,*/I:1=*,*/I:2=*,*/I:3=*}"
1161,"QS R-Phrase_Num-Syls<=4{*/I:0=*,*/I:1=*,*/I:2=*,*/I:3=*,*/I:4=*}"
1162,"QS R-Phrase_Num-Syls<=5{*/I:0=*,*/I:1=*,*/I:2=*,*/I:3=*,*/I:4=*,*/I:5=*}"
1163,"QS R-Phrase_Num-Syls<=6{*/I:0=*,*/I:1=*,*/I:2=*,*/I:3=*,*/I:4=*,*/I:5=*,*/I:6=*}"
1164,"QS R-Phrase_Num-Syls<=7{*/I:0=*,*/I:1=*,*/I:2=*,*/I:3=*,*/I:4=*,*/I:5=*,*/I:6=*,*/I:7=*}"
1165,"QS R-Phrase_Num-Syls<=8{*/I:0=*,*/I:1=*,*/I:2=*,*/I:3=*,*/I:4=*,*/I:5=*,*/I:6=*,*/I:7=*,*/I:8=*}"
1166,QS R-Phrase_Num-Syls<=9{*/I:?=*}
1167,"QS R-Phrase_Num-Syls<=10{*/I:?=*,*/I:10=*}"
1168,"QS R-Phrase_Num-Syls<=11{*/I:?=*,*/I:10=*,*/I:11=*}"
1169,"QS R-Phrase_Num-Syls<=12{*/I:?=*,*/I:10=*,*/I:11=*,*/I:12=*}"
1170,"QS R-Phrase_Num-Syls<=13{*/I:?=*,*/I:10=*,*/I:11=*,*/I:12=*,*/I:13=*}"
1171,"QS R-Phrase_Num-Syls<=14{*/I:?=*,*/I:10=*,*/I:11=*,*/I:12=*,*/I:13=*,*/I:14=*}"
1172,"QS R-Phrase_Num-Syls<=15{*/I:?=*,*/I:10=*,*/I:11=*,*/I:12=*,*/I:13=*,*/I:14=*,*/I:15=*}"
1173,"QS R-Phrase_Num-Syls<=16{*/I:?=*,*/I:10=*,*/I:11=*,*/I:12=*,*/I:13=*,*/I:14=*,*/I:15=*,*/I:16=*}"
1174,"QS R-Phrase_Num-Syls<=17{*/I:?=*,*/I:10=*,*/I:11=*,*/I:12=*,*/I:13=*,*/I:14=*,*/I:15=*,*/I:16=*,*/I:17=*}"
1175,"QS R-Phrase_Num-Syls<=18{*/I:?=*,*/I:10=*,*/I:11=*,*/I:12=*,*/I:13=*,*/I:14=*,*/I:15=*,*/I:16=*,*/I:17=*,*/I:18=*}"
1176,"QS R-Phrase_Num-Syls<=19{*/I:?=*,*/I:1?=*}"
1177,"QS R-Phrase_Num-Syls<=20{*/I:?=*,*/I:1?=*,*/I:20=*}"
1178,QS R-Phrase_Num-Words==0{*=0/J:*}
1179,QS R-Phrase_Num-Words==1{*=1/J:*}
1180,QS R-Phrase_Num-Words==2{*=2/J:*}
1181,QS R-Phrase_Num-Words==3{*=3/J:*}
1182,QS R-Phrase_Num-Words==4{*=4/J:*}
1183,QS R-Phrase_Num-Words==5{*=5/J:*}
1184,QS R-Phrase_Num-Words==6{*=6/J:*}
1185,QS R-Phrase_Num-Words==7{*=7/J:*}
1186,QS R-Phrase_Num-Words==8{*=8/J:*}
1187,QS R-Phrase_Num-Words==9{*=9/J:*}
1188,QS R-Phrase_Num-Words==10{*=10/J:*}
1189,QS R-Phrase_Num-Words==11{*=11/J:*}
1190,QS R-Phrase_Num-Words==12{*=12/J:*}
1191,QS R-Phrase_Num-Words==13{*=13/J:*}
1192,QS R-Phrase_Num-Words==14{*=14/J:*}
1193,QS R-Phrase_Num-Words==15{*=15/J:*}
1194,"QS R-Phrase_Num-Words<=1{*=0/J:*,*=1/J:*}"
1195,"QS R-Phrase_Num-Words<=2{*=0/J:*,*=1/J:*,*=2/J:*}"
1196,"QS R-Phrase_Num-Words<=3{*=0/J:*,*=1/J:*,*=2/J:*,*=3/J:*}"
1197,"QS R-Phrase_Num-Words<=4{*=0/J:*,*=1/J:*,*=2/J:*,*=3/J:*,*=4/J:*}"
1198,"QS R-Phrase_Num-Words<=5{*=0/J:*,*=1/J:*,*=2/J:*,*=3/J:*,*=4/J:*,*=5/J:*}"
1199,"QS R-Phrase_Num-Words<=6{*=0/J:*,*=1/J:*,*=2/J:*,*=3/J:*,*=4/J:*,*=5/J:*,*=6/J:*}"
1200,"QS R-Phrase_Num-Words<=7{*=0/J:*,*=1/J:*,*=2/J:*,*=3/J:*,*=4/J:*,*=5/J:*,*=6/J:*,*=7/J:*}"
1201,"QS R-Phrase_Num-Words<=8{*=0/J:*,*=1/J:*,*=2/J:*,*=3/J:*,*=4/J:*,*=5/J:*,*=6/J:*,*=7/J:*,*=8/J:*}"
1202,QS R-Phrase_Num-Words<=9{*=?/J:*}
1203,"QS R-Phrase_Num-Words<=10{*=?/J:*,*=10/J:*}"
1204,"QS R-Phrase_Num-Words<=11{*=?/J:*,*=10/J:*,*=11/J:*}"
1205,"QS R-Phrase_Num-Words<=12{*=?/J:*,*=10/J:*,*=11/J:*,*=12/J:*}"
1206,"QS R-Phrase_Num-Words<=13{*=?/J:*,*=10/J:*,*=11/J:*,*=12/J:*,*=13/J:*}"
1207,"QS R-Phrase_Num-Words<=14{*=?/J:*,*=10/J:*,*=11/J:*,*=12/J:*,*=13/J:*,*=14/J:*}"
1208,"QS R-Phrase_Num-Words<=15{*=?/J:*,*=10/J:*,*=11/J:*,*=12/J:*,*=13/J:*,*=14/J:*,*=15/J:*}"
1209,QS Num-Syls_in_Utterance==1{*/J:1+*}
1210,QS Num-Syls_in_Utterance==2{*/J:2+*}
1211,QS Num-Syls_in_Utterance==3{*/J:3+*}
1212,QS Num-Syls_in_Utterance==4{*/J:4+*}
1213,QS Num-Syls_in_Utterance==5{*/J:5+*}
1214,QS Num-Syls_in_Utterance==6{*/J:6+*}
1215,QS Num-Syls_in_Utterance==7{*/J:7+*}
1216,QS Num-Syls_in_Utterance==8{*/J:8+*}
1217,QS Num-Syls_in_Utterance==9{*/J:9+*}
1218,QS Num-Syls_in_Utterance==10{*/J:10+*}
1219,QS Num-Syls_in_Utterance==11{*/J:11+*}
1220,QS Num-Syls_in_Utterance==12{*/J:12+*}
1221,QS Num-Syls_in_Utterance==13{*/J:13+*}
1222,QS Num-Syls_in_Utterance==14{*/J:14+*}
1223,QS Num-Syls_in_Utterance==15{*/J:15+*}
1224,QS Num-Syls_in_Utterance==16{*/J:16+*}
1225,QS Num-Syls_in_Utterance==17{*/J:17+*}
1226,QS Num-Syls_in_Utterance==18{*/J:18+*}
1227,QS Num-Syls_in_Utterance==19{*/J:19+*}
1228,QS Num-Syls_in_Utterance==20{*/J:20+*}
1229,QS Num-Syls_in_Utterance==21{*/J:21+*}
1230,QS Num-Syls_in_Utterance==22{*/J:22+*}
1231,QS Num-Syls_in_Utterance==23{*/J:23+*}
1232,QS Num-Syls_in_Utterance==24{*/J:24+*}
1233,QS Num-Syls_in_Utterance==25{*/J:25+*}
1234,QS Num-Syls_in_Utterance==26{*/J:26+*}
1235,QS Num-Syls_in_Utterance==27{*/J:27+*}
1236,QS Num-Syls_in_Utterance==28{*/J:28+*}
1237,"QS Num-Syls_in_Utterance<=2{*/J:1+*,*/J:2+*}"
1238,"QS Num-Syls_in_Utterance<=3{*/J:1+*,*/J:2+*,*/J:3+*}"
1239,"QS Num-Syls_in_Utterance<=4{*/J:1+*,*/J:2+*,*/J:3+*,*/J:4+*}"
1240,"QS Num-Syls_in_Utterance<=5{*/J:1+*,*/J:2+*,*/J:3+*,*/J:4+*,*/J:5+*}"
1241,"QS Num-Syls_in_Utterance<=6{*/J:1+*,*/J:2+*,*/J:3+*,*/J:4+*,*/J:5+*,*/J:6+*}"
1242,"QS Num-Syls_in_Utterance<=7{*/J:1+*,*/J:2+*,*/J:3+*,*/J:4+*,*/J:5+*,*/J:6+*,*/J:7+*}"
1243,"QS Num-Syls_in_Utterance<=8{*/J:1+*,*/J:2+*,*/J:3+*,*/J:4+*,*/J:5+*,*/J:6+*,*/J:7+*,*/J:8+*}"
1244,QS Num-Syls_in_Utterance<=9{*/J:?+*}
1245,"QS Num-Syls_in_Utterance<=10{*/J:?+*,*/J:10+*}"
1246,"QS Num-Syls_in_Utterance<=11{*/J:?+*,*/J:10+*,*/J:11+*}"
1247,"QS Num-Syls_in_Utterance<=12{*/J:?+*,*/J:10+*,*/J:11+*,*/J:12+*}"
1248,"QS Num-Syls_in_Utterance<=13{*/J:?+*,*/J:10+*,*/J:11+*,*/J:12+*,*/J:13+*}"
1249,"QS Num-Syls_in_Utterance<=14{*/J:?+*,*/J:10+*,*/J:11+*,*/J:12+*,*/J:13+*,*/J:14+*}"
1250,"QS Num-Syls_in_Utterance<=15{*/J:?+*,*/J:10+*,*/J:11+*,*/J:12+*,*/J:13+*,*/J:14+*,*/J:15+*}"
1251,"QS Num-Syls_in_Utterance<=16{*/J:?+*,*/J:10+*,*/J:11+*,*/J:12+*,*/J:13+*,*/J:14+*,*/J:15+*,*/J:16+*}"
1252,"QS Num-Syls_in_Utterance<=17{*/J:?+*,*/J:10+*,*/J:11+*,*/J:12+*,*/J:13+*,*/J:14+*,*/J:15+*,*/J:16+*,*/J:17+*}"
1253,"QS Num-Syls_in_Utterance<=18{*/J:?+*,*/J:10+*,*/J:11+*,*/J:12+*,*/J:13+*,*/J:14+*,*/J:15+*,*/J:16+*,*/J:17+*,*/J:18+*}"
1254,"QS Num-Syls_in_Utterance<=19{*/J:?+*,*/J:1?+*}"
1255,"QS Num-Syls_in_Utterance<=20{*/J:?+*,*/J:1?+*,*/J:20+*}"
1256,"QS Num-Syls_in_Utterance<=21{*/J:?+*,*/J:1?+*,*/J:20+*,*/J:21+*}"
1257,"QS Num-Syls_in_Utterance<=22{*/J:?+*,*/J:1?+*,*/J:20+*,*/J:21+*,*/J:22+*}"
1258,"QS Num-Syls_in_Utterance<=23{*/J:?+*,*/J:1?+*,*/J:20+*,*/J:21+*,*/J:22+*,*/J:23+*}"
1259,"QS Num-Syls_in_Utterance<=24{*/J:?+*,*/J:1?+*,*/J:20+*,*/J:21+*,*/J:22+*,*/J:23+*,*/J:24+*}"
1260,"QS Num-Syls_in_Utterance<=25{*/J:?+*,*/J:1?+*,*/J:20+*,*/J:21+*,*/J:22+*,*/J:23+*,*/J:24+*,*/J:25+*}"
1261,"QS Num-Syls_in_Utterance<=26{*/J:?+*,*/J:1?+*,*/J:20+*,*/J:21+*,*/J:22+*,*/J:23+*,*/J:24+*,*/J:25+*,*/J:26+*}"
1262,"QS Num-Syls_in_Utterance<=27{*/J:?+*,*/J:1?+*,*/J:20+*,*/J:21+*,*/J:22+*,*/J:23+*,*/J:24+*,*/J:25+*,*/J:26+*,*/J:27+*}"
1263,"QS Num-Syls_in_Utterance<=28{*/J:?+*,*/J:1?+*,*/J:20+*,*/J:21+*,*/J:22+*,*/J:23+*,*/J:24+*,*/J:25+*,*/J:26+*,*/J:27+*,*/J:28+*}"
1264,QS Num-Words_in_Utterance==1{*+1-*}
1265,QS Num-Words_in_Utterance==2{*+2-*}
1266,QS Num-Words_in_Utterance==3{*+3-*}
1267,QS Num-Words_in_Utterance==4{*+4-*}
1268,QS Num-Words_in_Utterance==5{*+5-*}
1269,QS Num-Words_in_Utterance==6{*+6-*}
1270,QS Num-Words_in_Utterance==7{*+7-*}
1271,QS Num-Words_in_Utterance==8{*+8-*}
1272,QS Num-Words_in_Utterance==9{*+9-*}
1273,QS Num-Words_in_Utterance==10{*+10-*}
1274,QS Num-Words_in_Utterance==11{*+11-*}
1275,QS Num-Words_in_Utterance==12{*+12-*}
1276,QS Num-Words_in_Utterance==13{*+13-*}
1277,"QS Num-Words_in_Utterance<=2{*+1-*,*+2-*}"
1278,"QS Num-Words_in_Utterance<=3{*+1-*,*+2-*,*+3-*}"
1279,"QS Num-Words_in_Utterance<=4{*+1-*,*+2-*,*+3-*,*+4-*}"
1280,"QS Num-Words_in_Utterance<=5{*+1-*,*+2-*,*+3-*,*+4-*,*+5-*}"
1281,"QS Num-Words_in_Utterance<=6{*+1-*,*+2-*,*+3-*,*+4-*,*+5-*,*+6-*}"
1282,"QS Num-Words_in_Utterance<=7{*+1-*,*+2-*,*+3-*,*+4-*,*+5-*,*+6-*,*+7-*}"
1283,"QS Num-Words_in_Utterance<=8{*+1-*,*+2-*,*+3-*,*+4-*,*+5-*,*+6-*,*+7-*,*+8-*}"
1284,QS Num-Words_in_Utterance<=9{*+?-*}
1285,"QS Num-Words_in_Utterance<=10{*+?-*,*+10-*}"
1286,"QS Num-Words_in_Utterance<=11{*+?-*,*+10-*,*+11-*}"
1287,"QS Num-Words_in_Utterance<=12{*+?-*,*+10-*,*+11-*,*+12-*}"
1288,"QS Num-Words_in_Utterance<=13{*+?-*,*+10-*,*+11-*,*+12-*,*+13-*}"
1289,QS Num-Phrases_in_Utterance==1{*-1/K:*}
1290,QS Num-Phrases_in_Utterance==2{*-2/K:*}
1291,QS Num-Phrases_in_Utterance==3{*-3/K:*}
1292,QS Num-Phrases_in_Utterance==4{*-4/K:*}
1293,"QS Num-Phrases_in_Utterance<=2{*-1/K:*,*-2/K:*}"
1294,"QS Num-Phrases_in_Utterance<=3{*-1/K:*,*-2/K:*,*-3/K:*}"
1295,"QS Num-Phrases_in_Utterance<=4{*-1/K:*,*-2/K:*,*-3/K:*,*-4/K:*}"
1296,vuv
